media,text,time,neg,neu,pos,compound
CBS,RT @Lesdoggg: I love this family!! She reminds me of my mom yo!! I love this show!! I truly hope one day we all can just be ours elves and‚Ä¶,Fri Nov 01 02:17:04 +0000 2019,0.0,0.599,0.401,0.9466
BBC,"As the first port of call for over 150 patients, junior doctor Sofia is feeling the pressure on her first ever nigh‚Ä¶ https://t.co/ThWMpjQ48Z",Fri Nov 01 07:01:03 +0000 2019,0.089,0.85,0.061,-0.1779
BBC,"How to live a longer (and healthier) life: Nine simple tips from @BBCWomansHour.  üßò‚Äç‚ôÄÔ∏è
üëâ https://t.co/Y0XDlf3NwK https://t.co/Ux2IHA7brA",Fri Nov 01 08:01:06 +0000 2019,0.0,1.0,0.0,0.0
BBC,"Here's what happened when Will Sharpe taught Kelly MacDonald some unique Japanese phrases... üáØüáµüòÇ #GiriHaji
https://t.co/z5Ydx7yg9U",Fri Nov 01 09:01:05 +0000 2019,0.0,1.0,0.0,0.0
BBC,"""Hasta la vista, baby!"" 

What's your favourite Arnold @Schwarzenegger one-liner?  üëä
Watch @AliPlumb chat to him in‚Ä¶ https://t.co/iD7ILfYlVU",Fri Nov 01 12:01:04 +0000 2019,0.0,1.0,0.0,0.0
BBC,"Tilly lost both hands after contracting meningitis. Here‚Äôs how new bionic hands are giving her immense freedom. ‚ù§Ô∏è
https://t.co/sBzKIgl2XI",Fri Nov 01 13:01:07 +0000 2019,0.092,0.643,0.265,0.6486
BBC,A waiter lost his job after asking for a selfie with Dame Emma Thompson. What's the etiquette for photos with celeb‚Ä¶ https://t.co/WnvX5LnWKo,Fri Nov 01 14:01:04 +0000 2019,0.108,0.892,0.0,-0.3182
BBC,RT @HackerTDog: Get the #FridayFeeling by watching my top notch film with YouTuber @KimEnsonTV. I learn a foreign language. Watch the whole‚Ä¶,Fri Nov 01 14:24:44 +0000 2019,0.0,0.913,0.087,0.2023
BBC,"Oops.  üôä 
#Fleabag | Streaming now on @BBCThree.
https://t.co/MEMn0bOpTL",Fri Nov 01 17:01:05 +0000 2019,0.0,1.0,0.0,0.0
CBS,"RT @CBSAllAccess: Sci-fi, action, comedy, drama, &amp; @NFLonCBS - we have it all! Streaming this November on #CBSAllAccess. IT‚ÄôS ON. https://t‚Ä¶",Fri Nov 01 17:06:14 +0000 2019,0.0,0.872,0.128,0.4199
CBS,"@powerforlife03 We ‚ù§Ô∏è Auntie Olu, as well. #bobheartsabishola https://t.co/4crm1zMF8x",Fri Nov 01 17:16:55 +0000 2019,0.0,0.792,0.208,0.2732
BBC,"Tributes have been paid to Pumpkin, the most popular raccoon on Instagram, after she died at the age of four.
üëâ‚Ä¶ https://t.co/4zEOfreZbx",Fri Nov 01 18:01:05 +0000 2019,0.135,0.749,0.116,-0.1298
CBS,It all starts with a script. Take a peek behind the curtain at how @TheNeighborhood gets made with this look at the‚Ä¶ https://t.co/p3lOI5rFMU,Fri Nov 01 19:30:00 +0000 2019,0.0,1.0,0.0,0.0
BBC,"It's another incredible sofa line up for @grahnort as he's joined by @IanMcKellen, @JulieAndrews, Jennifer Aniston,‚Ä¶ https://t.co/GZRFvDoOf5",Fri Nov 01 20:01:07 +0000 2019,0.0,1.0,0.0,0.0
Fox,"Last week, Victorian Police showed unwarranted aggression towards peaceful climate change protesters. They were spr‚Ä¶ https://t.co/x7avC81xGk",Fri Nov 01 20:34:12 +0000 2019,0.202,0.64,0.158,0.0258
Fox,"Also, there was a policeman showing the Nazi OK sign which was defended as ‚Äúchecking if the protestors were okay‚Äù.‚Ä¶ https://t.co/UOVAtUv75K",Fri Nov 01 20:37:56 +0000 2019,0.0,0.866,0.134,0.4466
Fox,"Morrison now wants to ban protests targeted at companies. They‚Äôre taking away our democratic rights, y‚Äôall. 

https://t.co/8wOLS91uzm",Fri Nov 01 20:41:02 +0000 2019,0.268,0.732,0.0,-0.6705
CBS,Celebrate the legacy and century-and-a-half history of college football with Through the Lens of CBS Sports: Colleg‚Ä¶ https://t.co/OJ4jkQHW2S,Fri Nov 01 20:43:18 +0000 2019,0.0,0.821,0.179,0.5719
Fox,"I had many moments in my career when I wanted to quit tech. This is another one.

I‚Äôm so tired of discrimination, h‚Ä¶ https://t.co/Jx6i5HEWki",Fri Nov 01 21:17:32 +0000 2019,0.151,0.849,0.0,-0.5777
CBS,"Wade is excellent at being a father, he's a loyal and dependable friend, and he can give a heart-to-heart talk like‚Ä¶ https://t.co/ugybnEF62T",Fri Nov 01 23:00:00 +0000 2019,0.0,0.615,0.385,0.875
Fox,"P R E A C H

https://t.co/wgFpchJijq",Fri Oct 18 20:22:02 +0000 2019,0.0,1.0,0.0,0.0
Fox,"‚ö°Ô∏èüì¨ Performance Newsletter ‚Ññ35‚Äîperformance privilege, the speed of JAMstack, quantifying the impact of performance‚Ä¶ https://t.co/lAduBXBy25",Mon Nov 04 00:33:15 +0000 2019,0.0,0.848,0.152,0.3612
CBS,Due to #NFL overrun #CBS Sunday programs delayed ONLY in EAST/CENTRAL Time Zones. New start times: #60Minutes 7:37/‚Ä¶ https://t.co/y4zsZHnriN,Mon Nov 04 00:41:32 +0000 2019,0.095,0.905,0.0,-0.2263
Fox,RT @GretaThunberg: Stay strong Australia. Keep standing up for science. This means you are winning! #ClimateEmergency #EcologicalEmergency‚Ä¶,Mon Nov 04 00:43:38 +0000 2019,0.0,0.682,0.318,0.7901
Fox,"I absolutely loved ‚ÄùShrill‚Äù by Lindy West. Can‚Äôt wait to read her new book, ‚ÄùThe Witches Are Coming‚Äù. üßôüèª‚Äç‚ôÄÔ∏èüëÄ

https://t.co/hT9tpS2y5a",Mon Nov 04 01:17:24 +0000 2019,0.0,0.811,0.189,0.6361
Fox,"@lynnandtonic ooohhh, I love this! ‚ù§Ô∏è

unrelated: need my own inspiration blog.",Mon Nov 04 01:18:41 +0000 2019,0.0,0.533,0.467,0.8356
Fox,"monday: sup
me: https://t.co/5pX1S4wQK2",Mon Nov 04 03:25:14 +0000 2019,0.0,1.0,0.0,0.0
Fox,@kerem what a relatable feeling üòÇ,Mon Nov 04 03:28:51 +0000 2019,0.0,0.667,0.333,0.128
Fox,"Experimenting and iterating on meta tags can be a little bit of a pain, but I found this nifty little preview tool.‚Ä¶ https://t.co/NxhI7Nxcmn",Mon Nov 04 06:11:05 +0000 2019,0.083,0.744,0.173,0.4887
BBC,"After thirteen years held captive, Ivy Moxam finally makes her daring escape. 

@JodieComer stars in #Thirteen |‚Ä¶ https://t.co/bJ6eRK4ts3",Mon Nov 04 07:01:04 +0000 2019,0.0,0.792,0.208,0.4939
Fox,"RT @perfemail: Performance Newsletter Issue ‚Ññ35‚ÄîHow performance affects user engagement by Carlos Moro, performance and privilege by @seaot‚Ä¶",Mon Nov 04 08:28:47 +0000 2019,0.0,0.744,0.256,0.6705
BBC,"""This thing is growing at an exponential rate!""

Who Are the #FlatEarthers? | Streaming now on @BBCiPlayer.
https://t.co/loEz4TwXjd",Mon Nov 04 09:01:05 +0000 2019,0.0,0.889,0.111,0.2481
BBC,".@BTS_twt were the big winners of the 2019 #EMAs, being crowned best group, best live act, and the #BTS #ARMY winni‚Ä¶ https://t.co/0R0jJbTijg",Mon Nov 04 10:35:11 +0000 2019,0.0,0.623,0.377,0.91
BBC,It‚Äôs the second year in a row that the #BTS #ARMY have won #EMABiggestFans... https://t.co/BwffPDnkJu,Mon Nov 04 10:42:01 +0000 2019,0.0,0.778,0.222,0.5719
BBC,Know your Smelly Cat from your left phalange? See if you can beat Jennifer Aniston at the Ultimate Friends Quiz‚Ä¶‚Ä¶ https://t.co/VO4N6Qebf9,Mon Nov 04 13:01:02 +0000 2019,0.0,0.866,0.134,0.4767
BBC,"RT @BBCRadio2: On Wednesday 6th November, the Zoe Ball Breakfast Show on BBC Radio 2 (6:30-9:30am GMT) will broadcast the world exclusive f‚Ä¶",Mon Nov 04 13:49:31 +0000 2019,0.0,0.933,0.067,0.128
BBC,"RT @BBCCiN: üì£ Did you hear the news?! üì£

The one and only @Louis_Tomlinson will be performing on this year's #ChildrenInNeed Appeal Show! üôå‚Ä¶",Mon Nov 04 13:49:49 +0000 2019,0.0,1.0,0.0,0.0
BBC,"Nature's answer to Jackson Pollock anyone? üí©üêß

#SevenWorldsOnePlanet
https://t.co/m0C03vdi5u",Mon Nov 04 17:01:10 +0000 2019,0.0,1.0,0.0,0.0
CBS,"Kick off the holiday season with The #Thanksgiving Day Parade, hosted by @KevinFrazier &amp; @KeltieKnight with‚Ä¶ https://t.co/yif2As00ld",Mon Nov 04 17:04:52 +0000 2019,0.0,0.856,0.144,0.4019
BBC,There was a tearful reunion when 92-year-old Melpomeni Dina met with two Jewish siblings she helped save from the N‚Ä¶ https://t.co/0O8sDPWykK,Mon Nov 04 18:01:07 +0000 2019,0.0,0.856,0.144,0.4939
CBS,"'Tis the season to celebrate with CBS. From Rudolph and Frosty to #Home4Holidays and #ILoveLucy and MORE, see when‚Ä¶ https://t.co/rmyoNLtHqP",Mon Nov 04 19:09:16 +0000 2019,0.0,0.837,0.163,0.5719
nytimes,"Jean-Paul Dubois¬†won the Goncourt Prize, France‚Äôs most prestigious literary award, for his novel ‚ÄúTous les hommes n‚Ä¶ https://t.co/z6YcaWJ24f",Mon Nov 04 20:00:12 +0000 2019,0.0,0.534,0.466,0.9196
CBS,"RT @AllRiseCBS: Attention #AllRise fans: Let's make things Twitter official! You heard @SimoneMissick, follow us and live-tweet along TONIG‚Ä¶",Mon Nov 04 20:01:59 +0000 2019,0.0,1.0,0.0,0.0
nytimes,‚ÄúWhat could seem gimmicky ‚Äî I confess I braced myself at first ‚Äî quickly feels like the only natural way to tell th‚Ä¶ https://t.co/fqbj85b3ZM,Mon Nov 04 20:05:07 +0000 2019,0.0,0.783,0.217,0.6124
nytimes,"Uber‚Äôs chief executive, Dara Khosrowshahi, is pushing employees to do more with less and to perform better, as he b‚Ä¶ https://t.co/5MWuArVxAf",Mon Nov 04 20:20:11 +0000 2019,0.0,0.873,0.127,0.4404
nytimes,"2 managers of a Buffalo Wild Wings in Illinois have been fired after a patron said they asked her group, which incl‚Ä¶ https://t.co/30TFD1OkRx",Mon Nov 04 20:30:11 +0000 2019,0.159,0.841,0.0,-0.5574
nytimes,"In Opinion

""It‚Äôs time for the candidates to stop talking slogans and start talking sense ‚Äî or dollars and cents ‚Äî‚Ä¶ https://t.co/0VNnhxGWx1",Mon Nov 04 20:45:06 +0000 2019,0.099,0.901,0.0,-0.296
nytimes,U.S. authorities in Colorado arrested a man known to promote white supremacist ideas on charges of plotting to blow‚Ä¶ https://t.co/luyUYCs4Q1,Mon Nov 04 20:48:36 +0000 2019,0.214,0.617,0.169,-0.2732
nytimes,"Breaking News: President Trump formally began the U.S. withdrawal from the Paris climate accord on Monday, a yearlo‚Ä¶ https://t.co/uJCbKvSTqs",Mon Nov 04 20:59:26 +0000 2019,0.0,0.939,0.061,0.0258
CBS,"Lola's mother, Roxy, drops by the courtroom. Watch @AllRiseCBS Mondays at 9/8c on CBS. https://t.co/0BuFYd6Xps",Mon Nov 04 21:00:00 +0000 2019,0.0,1.0,0.0,0.0
nytimes,"Paulo Paulino Guajajara, an Indigenous leader in Brazil, was shot and killed on Friday in the Amazon reserve he had‚Ä¶ https://t.co/edgcGK8U9i",Mon Nov 04 21:20:06 +0000 2019,0.179,0.754,0.067,-0.5859
nytimes,"How does a one-ton rock ‚Äî Wizard Rock, no less ‚Äî suddenly vanish without anyone noticing before reappearing sometim‚Ä¶ https://t.co/25hVJGkGl9",Mon Nov 04 21:21:43 +0000 2019,0.121,0.879,0.0,-0.296
nytimes,A 20-year-old Puerto Rican student in Indiana was denied cold medicine at a CVS because employees did not believe h‚Ä¶ https://t.co/wkpJWLQgfI,Mon Nov 04 21:28:23 +0000 2019,0.139,0.861,0.0,-0.4404
nytimes,"‚ÄúI don‚Äôt have a sponsor. I don‚Äôt have an agent. I just compete individually.‚Äù

Girma Bekele Gebre, 26, finished 3rd‚Ä¶ https://t.co/O37Q08FYUk",Mon Nov 04 21:38:03 +0000 2019,0.0,1.0,0.0,0.0
nytimes,"RT @kchangnyt: Forty-two years ago, Jimmy Carter was president, and NASA's two Voyager spacecraft launched. Today, Jimmy Carter is still go‚Ä¶",Mon Nov 04 21:42:13 +0000 2019,0.0,0.93,0.07,0.128
nytimes,"8chan, the anonymous message board that has served as a megaphone for violent extremists, is back online. It went d‚Ä¶ https://t.co/cu9c14jyUT",Mon Nov 04 21:45:11 +0000 2019,0.17,0.83,0.0,-0.5994
nytimes,A well-known American art forger says paintings on display at the headquarters of one of Prince Charles‚Äôs charities‚Ä¶ https://t.co/xadj1ZcPtM,Mon Nov 04 21:52:07 +0000 2019,0.0,1.0,0.0,0.0
nytimes,"In Opinion

@CharlesMBlow writes, ""My wish for Michelle Obama is simple: that she never again allow herself to ente‚Ä¶ https://t.co/mCcnBCv6T2",Mon Nov 04 22:00:09 +0000 2019,0.074,0.805,0.121,0.2579
nytimes,"‚ÄúMy life has been so magical. It‚Äôs been entrancing. I‚Äôve done basically everything I wanted to do, except live on a‚Ä¶ https://t.co/Aakhom0TCz",Mon Nov 04 22:10:06 +0000 2019,0.0,1.0,0.0,0.0
Fox,@trey that‚Äôs awesome! happy it was helpful üòá,Mon Nov 04 22:14:53 +0000 2019,0.0,0.269,0.731,0.8977
nytimes,"Dermot Shea, the New York City Police Department‚Äôs chief of detectives, was named New York‚Äôs next commissioner on M‚Ä¶ https://t.co/VdOaQy2BJH",Mon Nov 04 22:20:07 +0000 2019,0.0,1.0,0.0,0.0
Fox,"RT @Femmefeministe: Many Black and brown teens have been fighting to protect their lands from industrial, military, and imperialist/colonia‚Ä¶",Mon Nov 04 22:20:08 +0000 2019,0.113,0.769,0.118,0.0258
nytimes,Groups like Better Angels are hosting workshops around the U.S. aimed at finding common ground between the right an‚Ä¶ https://t.co/hFZAntU3ws,Mon Nov 04 22:30:04 +0000 2019,0.0,0.769,0.231,0.6597
nytimes,"People close to President Trump said there was no dissuading him that the ""likes"" a tweet got were evidence that a‚Ä¶ https://t.co/w90RWtOlYT",Mon Nov 04 22:40:02 +0000 2019,0.099,0.901,0.0,-0.296
nytimes,"When Yevgeniya Grinberg was 4 years old, her father was sent to a gulag. Later, she and her mother fled the Nazis w‚Ä¶ https://t.co/PAqeb8KMMJ",Mon Nov 04 22:50:05 +0000 2019,0.0,1.0,0.0,0.0
nytimes,"‚ÄúWalter‚Äôs legacy will forever be the simple creed he always preached as he signed off every show, wishing us 'Much‚Ä¶ https://t.co/QlPEaAn8BW",Mon Nov 04 22:55:06 +0000 2019,0.0,0.913,0.087,0.2263
nytimes,"On his first tour since admitting to sexual misconduct, Louis C.K. is not offering audiences any reckoning with the‚Ä¶ https://t.co/qmyymwbPSN",Mon Nov 04 23:00:08 +0000 2019,0.0,1.0,0.0,0.0
nytimes,The suburbs will help decide the 2020 U.S. presidential election. But to really understand what's happening on the‚Ä¶ https://t.co/05VKSQGARw,Mon Nov 04 23:20:07 +0000 2019,0.0,0.87,0.13,0.4019
CBS,#TheUnicorn's @iamRubyJay and @itsmakenziemoss share a sisterly bond both on and off screen. Enjoy this behind-the-‚Ä¶ https://t.co/NWhs96Bczj,Mon Nov 04 23:30:00 +0000 2019,0.0,0.722,0.278,0.6597
nytimes,"RT @mattfleg: ‚ÄúHow many hours of the day do people put in to do this?‚Äù a spooked, retweeted Trump supporter wonders about Twitter. 

Well..‚Ä¶",Mon Nov 04 23:30:05 +0000 2019,0.0,0.913,0.087,0.2732
nytimes,This version of mapo tofu is completely satisfying ‚Äî and surprisingly easy to make https://t.co/zObSIE7lU9,Mon Nov 04 23:40:06 +0000 2019,0.0,0.56,0.44,0.8251
Fox,Spending days designing is giving me life üåø,Mon Oct 21 00:18:13 +0000 2019,0.0,0.714,0.286,0.34
Fox,"Company: *establishes elaborate brand guidelines and logo usage rules*

Marketing designer wanting to showcase Comp‚Ä¶ https://t.co/xOKOVCtMoK",Mon Oct 21 00:46:51 +0000 2019,0.0,1.0,0.0,0.0
Fox,@pjrvs üòÇ https://t.co/cvYSMaZDgs,Mon Oct 21 00:53:46 +0000 2019,0.0,1.0,0.0,0.0
Fox,@notwaldorf or you‚Äôre at a show complaining that there‚Äôs a supporting act because you only have enough energy to survive till 9pm age,Mon Oct 21 05:28:42 +0000 2019,0.073,0.726,0.202,0.4939
Fox,"We value a diverse workplace and encourage women, people of colour, LGBTQIA individuals, people with disabilities,‚Ä¶ https://t.co/hYkARaksGS",Mon Oct 21 23:53:35 +0000 2019,0.0,0.711,0.289,0.6908
Fox,"I‚Äôm absolutely in love with this book. Reads like fiction, but it‚Äôs an insightful, wise and often hilarious account‚Ä¶ https://t.co/3t4EzlxvSK",Mon Oct 21 23:55:56 +0000 2019,0.0,0.568,0.432,0.904
Fox,"üëÄ Something big is coming to @calibreapp to redefine the way developers measure performance.

#webperf #perfmatters https://t.co/03ofvVvKih",Mon Oct 28 01:06:33 +0000 2019,0.0,1.0,0.0,0.0
BBC,"THIS. ü§£ #Motherland #MondayMotivation
https://t.co/Hyaahkb2I2",Mon Oct 28 07:01:03 +0000 2019,0.0,1.0,0.0,0.0
BBC,"Nadir Nahdi has started an inclusive running club. üèÉüèæ
https://t.co/H2GJNHbVJr",Mon Oct 28 08:01:04 +0000 2019,0.0,1.0,0.0,0.0
BBC,"Could we replace plastic straws with pasta? This entrepreneur thinks so... üçùüò≤‚ôªÔ∏è #DragonsDen
https://t.co/wKL7ZHLOgu",Mon Oct 28 09:01:04 +0000 2019,0.0,1.0,0.0,0.0
BBC,They can act... but can they sing? Britain's biggest stars are recording a special album for @BBCCiN. #GotItCovered‚Ä¶ https://t.co/zmcWgEJ36d,Mon Oct 28 10:40:26 +0000 2019,0.0,0.827,0.173,0.5499
BBC,"RT @bbcasiannetwork: Happy #Diwali üß°‚ú®

üë©üèΩ‚Äçüé® @zhkdesigns https://t.co/5hpWbxQJHc",Mon Oct 28 11:55:50 +0000 2019,0.0,0.654,0.346,0.5719
BBC,"RT @bbcasiannetwork: Just @NavaanSandhu's voice and the vaja üíô 

Navaan and @mannisandhu have recorded a very special #Diwali acoustic sess‚Ä¶",Mon Oct 28 11:56:04 +0000 2019,0.0,0.85,0.15,0.4576
BBC,"Post Traumatic Stress Disorder diagnosis rates in the UK military have increased over the past decade, and research‚Ä¶ https://t.co/nNhxw6UdgR",Mon Oct 28 12:01:07 +0000 2019,0.35,0.57,0.08,-0.7964
BBC,"Happy #Diwali!

Learn more about the #FestivalOfLights and how it's celebrated here.
üëâ https://t.co/uTE9FUiRut‚Ä¶ https://t.co/uGPahNs4Nk",Mon Oct 28 12:34:57 +0000 2019,0.0,0.609,0.391,0.8268
BBC,"Junior doctor Sofia is put to the test with an on the spot diagnosis. 
#JuniorDoctors | @BBCThree.
https://t.co/bj9NewVlNa",Mon Oct 28 13:01:03 +0000 2019,0.0,1.0,0.0,0.0
BBC,"What's the secret to reaching 100 years of age in good health? üë¥ üëµ
https://t.co/wSh2Ub2Zkc",Mon Oct 28 14:01:06 +0000 2019,0.0,0.701,0.299,0.5719
BBC,"Anastasia was forced to flee from the 2018 California fires separately from her husband, while eight months' pregna‚Ä¶ https://t.co/evZlw7mQzw",Mon Oct 28 17:01:05 +0000 2019,0.143,0.857,0.0,-0.4588
BBC,"Learning to drive small cars helps rats feel less stressed, scientists have found. üêÄüöó
üëâ https://t.co/wQ8fgqB7dm https://t.co/JMFqmJgy3m",Mon Oct 28 18:01:06 +0000 2019,0.113,0.748,0.139,0.1263
CBS,"RT @InsideEdition: Inspired by the new @CBS series ""Evil,"" we teamed up with the Gotham Paranormal Society to see if the ""most violent stre‚Ä¶",Mon Oct 28 22:17:27 +0000 2019,0.143,0.748,0.109,-0.2484
CBS,Glad to see these girls are alright after giving Kristen a bit of a fright in last Thursday's Halloween episode of‚Ä¶ https://t.co/CCHoB4LwT9,Mon Oct 28 23:00:47 +0000 2019,0.1,0.615,0.285,0.5859
Fox,"RT @emrazz: Privilege isn‚Äôt about things being easy, it‚Äôs about things not being made harder because of who you are.",Sat Nov 02 05:26:03 +0000 2019,0.0,0.769,0.231,0.6597
Fox,"‚ÄúIn the midst of this global web of chatter, we somehow manage to be less connected to the people with whom we are‚Ä¶ https://t.co/B0Yc7qC02O",Sat Nov 02 05:40:51 +0000 2019,0.0,1.0,0.0,0.0
BBC,"It's #RugbyWorldCupFinal day!   üôå üèâüèÜ
Live build up of #ENGvRSA has kicked off on @bbc5live, with match commentary f‚Ä¶ https://t.co/kD1QUN84GQ",Sat Nov 02 07:01:05 +0000 2019,0.0,1.0,0.0,0.0
Fox,"RT @RonniSalt: Remember he's only 5 months into the job. Listen to the language. Words give people away every time:

- Negative globalism
-‚Ä¶",Sat Nov 02 07:49:47 +0000 2019,0.15,0.85,0.0,-0.5719
BBC,"Innes was born 4 months premature and is fighting for his life.
#TinyLives is now streaming on @BBCiPlayer.
https://t.co/rX4fvQrbtZ",Sat Nov 02 10:01:06 +0000 2019,0.128,0.872,0.0,-0.3612
BBC,"Believe it or not, there was a time when motorway services were the height of cool‚Ä¶ üöô
https://t.co/gRtvdR8gbR",Sat Nov 02 11:01:02 +0000 2019,0.0,1.0,0.0,0.0
BBC,"Some weird and wonderful facts about teeth! üòÅ
https://t.co/SnUVzMiCO8",Sat Nov 02 12:01:04 +0000 2019,0.145,0.513,0.341,0.5093
BBC,"Redwoods could be the solution to the climate crisis, but they‚Äôre under threat. üå≤üíî 
#TheAmericas with @simon_reeve‚Ä¶ https://t.co/Kz3nuUs3sT",Sat Nov 02 13:01:07 +0000 2019,0.3,0.63,0.069,-0.7579
CBS,Don't miss this SEC face-off between two top ten teams. Stream #8 Georgia vs. #6 Florida live today at 3:30PM ET on‚Ä¶ https://t.co/aZ8IbYfMAs,Sat Nov 02 13:30:00 +0000 2019,0.0,0.866,0.134,0.3058
BBC,"""Girl, why are you using so much shampoo!?"" üòÇ

Is this the most stressed out we've ever seen @JVN? üò¨
https://t.co/piMSq0bpef",Sat Nov 02 14:01:06 +0000 2019,0.157,0.843,0.0,-0.5179
BBC,"""I'm having more fun making music!"" üíï 

@Harry_Styles tells @GregJames about #WatermelonSugar, his album and when w‚Ä¶ https://t.co/X3vmAaBwa1",Sat Nov 02 15:01:04 +0000 2019,0.0,0.805,0.195,0.5974
BBC,That moment when @BBCDoctorWho's Jodie Whittaker was surprised by her @Coldplay heroes - Jonny Buckland and Will Ch‚Ä¶ https://t.co/9auoq0am8w,Sat Nov 02 16:01:06 +0000 2019,0.0,0.755,0.245,0.6369
BBC,"Is the screen you're looking at right now making you age faster?  üì±
https://t.co/wY8QwNNtiA",Sat Nov 02 18:01:07 +0000 2019,0.0,1.0,0.0,0.0
CBS,"Attention, Boston movie-making people: When he's not shooting #TheUnicorn on CBS, @robcorddry is available. Let his‚Ä¶ https://t.co/hFGz7P1FjU",Sat Nov 02 18:51:56 +0000 2019,0.0,1.0,0.0,0.0
CBS,"You're watching #CarolsSecondAct Thursday nights at 9:30/8:30c on CBS, but what about @PatriciaHeaton's second act?‚Ä¶ https://t.co/rJ09gq5sSz",Sat Nov 02 23:00:00 +0000 2019,0.0,1.0,0.0,0.0
Fox,@eleanorkh there‚Äôs coffee supreme https://t.co/j46uhsE22j,Sat Oct 19 20:59:35 +0000 2019,0.0,0.526,0.474,0.5574
Fox,"My favorite uses of the iPad Pro:

‚Ä¢ reading books or articles
‚Ä¢ writing without distractions
‚Ä¢ editing photos in L‚Ä¶ https://t.co/niROEgSCmP",Sat Oct 26 03:04:36 +0000 2019,0.0,0.782,0.218,0.5775
Fox,‚ÄúHow people are represented matters because it‚Äôs in popular media that our social world is both constructed and ref‚Ä¶ https://t.co/FaxQmmogui,Sun Nov 03 00:57:08 +0000 2019,0.0,0.822,0.178,0.4404
CBS,RT @survivorcbs: Our hearts go out to Rudy's family and friends. He will be greatly missed. üíî https://t.co/yRMMFL9em6,Sun Nov 03 03:34:15 +0000 2019,0.121,0.728,0.151,0.1548
Fox,"RT @TaelurAlexis: Hey, I'm in search for my next role so if anyone knows of any immediate Front-End Developer roles let me know!

1 year ex‚Ä¶",Sun Nov 03 03:41:38 +0000 2019,0.0,1.0,0.0,0.0
BBC,"Coming up on @bbc5live today: #PalacevLeicester and #EvertonvSpurs. ‚öΩÔ∏è
#5LivePremSunday #PALLEI #EVETOT
üëâ‚Ä¶ https://t.co/Me8dCHTGzD",Sun Nov 03 09:01:02 +0000 2019,0.0,1.0,0.0,0.0
BBC,"SO many people came together to be part of Suranne Jones' #GotItCovered @CleanBandit cover for @BBCCiN!  üôå
Streamin‚Ä¶ https://t.co/JWzxnFn3Ln",Sun Nov 03 10:01:06 +0000 2019,0.0,1.0,0.0,0.0
Fox,‚ÄúThe white feminist battle is not one that aims to dismantle the hierarchy but merely seeks to ensure that white wo‚Ä¶ https://t.co/cYSMkyhmxF,Sun Nov 03 10:33:54 +0000 2019,0.071,0.794,0.135,0.3818
BBC,"How pianos became part of the furniture at UK railway stations.  üé∂üöÇ
üëâ https://t.co/I8Ys2R0ifP https://t.co/kzvNKdKkZP",Sun Nov 03 11:01:11 +0000 2019,0.0,1.0,0.0,0.0
BBC,"Would love to see Kerry on #TheApprentice. üíºüí∞
#ThisCountry | Streaming now on @BBCThree.
https://t.co/UiyBvnmet7",Sun Nov 03 12:01:03 +0000 2019,0.0,0.756,0.244,0.6369
BBC,"Do we think differently in different languages?  üí¨üó£
https://t.co/ggN07nRcGx",Sun Nov 03 14:01:03 +0000 2019,0.0,1.0,0.0,0.0
CBS,Get ready for Week 9 of the NFL on CBS. Check out the schedule to watch and stream your local games live today acro‚Ä¶ https://t.co/NsBRYJNyHz,Sun Nov 03 14:29:00 +0000 2019,0.0,0.902,0.098,0.3612
BBC,"RT @BBCRadio2: ""One of the biggest British bands... EVER!""

That's how our @Fearnecotton introduced UK chart-toppers @Stereophonics on stag‚Ä¶",Sun Nov 03 15:22:21 +0000 2019,0.0,1.0,0.0,0.0
BBC,"RT @BBCSounds: ""Money just shouldn't be in the equation, especially when it comes to things like HIV...""

@JVN gives a passionate explanati‚Ä¶",Sun Nov 03 15:22:58 +0000 2019,0.0,0.763,0.237,0.7096
BBC,"Tonight #SevenWorldsOnePlanet explores Asia - where rarely seen animals roam the hottest deserts, tallest jungles a‚Ä¶ https://t.co/X1hOzD4UyF",Sun Nov 03 17:01:04 +0000 2019,0.0,1.0,0.0,0.0
CBS,"After setting their clocks back an hour for #DaylightSavingTime, the cast of the @YandR_CBS is feeling like the you‚Ä¶ https://t.co/68MXzF8NVT",Sun Nov 03 18:00:00 +0000 2019,0.0,0.818,0.182,0.4588
BBC,"‚ú® It's almost time for the first episode of #HisDarkMaterials, an adaptation of Philip Pullman‚Äôs best-selling fanta‚Ä¶ https://t.co/IkPbCSSqLF",Sun Nov 03 19:01:04 +0000 2019,0.0,1.0,0.0,0.0
Fox,@_tessr that‚Äôs all so peak berlin I am crying,Sun Nov 03 22:16:32 +0000 2019,0.307,0.693,0.0,-0.4767
Fox,"Apparently, a few White Tech Dudes  are saying Facebook isn‚Äôt evil. I‚Äôm not going to waste my time by getting invol‚Ä¶ https://t.co/72Zpd68pRT",Sun Oct 27 09:20:38 +0000 2019,0.171,0.738,0.091,-0.471
Fox,RT @vcastillo630: I don‚Äôt know who needs to hear this in Design Twitter but ... go spend time doing something that‚Äôs life giving instead of‚Ä¶,Sun Oct 27 10:20:14 +0000 2019,0.0,0.881,0.119,0.4767
BBC,"RT @bbcrugbyunion: üòû 

They gave it everything they had.

#WALvRSA reaction: https://t.co/Yr2pnGLBIs

#bbcrugby #RWC2019 https://t.co/ROJ10‚Ä¶",Sun Oct 27 11:55:37 +0000 2019,0.0,1.0,0.0,0.0
BBC,"In 1972, Tomorrow's World reported on a newfangled way to pay for your shopping - the credit card.  üòÆ
https://t.co/4OGh57RasG",Sun Oct 27 12:01:03 +0000 2019,0.074,0.789,0.137,0.296
BBC,"The face of a Medieval man whose remains were found in Aberdeen has been reconstructed.
üëâ https://t.co/5KzdcdtXpk https://t.co/dhLGO22VkS",Sun Oct 27 13:01:08 +0000 2019,0.0,1.0,0.0,0.0
BBC,"Did you know this tiny beetle could help us harvest water from thin air? üíß 
Listen to the 30 Animals That Made Us S‚Ä¶ https://t.co/W90IeEKIZ8",Sun Oct 27 14:01:02 +0000 2019,0.0,0.895,0.105,0.4019
BBC,"This is amazing - nothing will stop Jo√£o Vicente smiling and skating!  üòÅ
https://t.co/DxD2yjl8G1",Sun Oct 27 15:01:03 +0000 2019,0.0,0.501,0.499,0.8393
BBC,"Would you consider donating your body to science? 
@BSMSMedSchool say there is a shortage of bodies for medical stu‚Ä¶ https://t.co/vtLOlAkBzP",Sun Oct 27 16:01:05 +0000 2019,0.1,0.9,0.0,-0.25
BBC,"üôå Sir David Attenborough is back on our screens tonight, as #SevenWorldsOnePlanet begins in Antarctica.  üåè
6:15pm |‚Ä¶ https://t.co/QwlPf523Y5",Sun Oct 27 17:01:03 +0000 2019,0.0,1.0,0.0,0.0
BBC,"#KPop fans are some of the most dedicated in the world üôå

#KPopIdols @JamesBallardie @BBCFour https://t.co/DP42USH4SZ",Sun Oct 27 17:30:00 +0000 2019,0.0,0.81,0.19,0.5095
BBC,"Very cheeky.
https://t.co/RMVQJ0Gl71",Sun Oct 27 18:01:04 +0000 2019,0.0,1.0,0.0,0.0
BBC,"RT @BBCOne: Welcome to Antarctica ‚Äì a land of survivors enduring the most hostile conditions on earth. 

#SevenWorldsOnePlanet is starting‚Ä¶",Sun Oct 27 18:18:50 +0000 2019,0.132,0.731,0.137,0.0276
BBC,@BBCOne @BBCiPlayer üôåüèª,Sun Oct 27 18:19:04 +0000 2019,0.0,1.0,0.0,0.0
BBC,"In the third leg of his journey through #TheAmericas, @simon_reeve is travelling down the length of California.  üá∫üá∏‚Ä¶ https://t.co/5zb1sUbBl3",Sun Oct 27 19:01:04 +0000 2019,0.0,1.0,0.0,0.0
Fox,Every now and then I get emailed by Facebook recruiters (they really never stop). Numerous times I‚Äôve said no point‚Ä¶ https://t.co/drEh0TNCwu,Thu Oct 17 01:19:16 +0000 2019,0.104,0.896,0.0,-0.296
Fox,"@notwaldorf @slightlylate I‚Äôm nowhere that nice

https://t.co/gLkCgwXiWU",Thu Oct 17 01:19:28 +0000 2019,0.28,0.72,0.0,-0.3252
Fox,"@NatDudley lol, too real",Thu Oct 17 02:13:53 +0000 2019,0.0,0.517,0.483,0.4215
Fox,@derekkinsman sure :),Thu Oct 17 02:54:29 +0000 2019,0.0,0.159,0.841,0.6486
Fox,https://t.co/8PjKVL5Iaz https://t.co/MOhcgIWLle,Thu Oct 17 02:58:27 +0000 2019,0.0,1.0,0.0,0.0
Fox,@notdetails lolsob,Thu Oct 17 03:32:59 +0000 2019,0.0,1.0,0.0,0.0
Fox,"I accidentally typed ‚Äúsuckerberg‚Äù to find out what fresh, unethical statements zuckerberg had made, and I can‚Äôt say I‚Äôm wrong",Thu Oct 17 21:24:14 +0000 2019,0.351,0.558,0.092,-0.7579
Fox,"RT @EmilyKager: |Ôø£Ôø£Ôø£Ôø£Ôø£Ôø£Ôø£Ôø£Ôø£Ôø£|
|      Just hiring white     |
|           women isn't        |
|              enough             |  
|ÔºøÔºøÔºøÔºøÔºøÔºøÔºø‚Ä¶",Thu Oct 17 22:26:09 +0000 2019,0.0,1.0,0.0,0.0
Fox,"nearly every single tech company, ever

https://t.co/biespwH2VR",Thu Oct 17 22:28:16 +0000 2019,0.0,1.0,0.0,0.0
Fox,RT @jennwrites: Never forget https://t.co/0ZzX5DNVpp,Thu Oct 24 00:35:52 +0000 2019,0.322,0.678,0.0,-0.2263
Fox,RT @Gaohmee: HONK üíÄüòÇ https://t.co/qeUfVXAdKI,Thu Oct 24 00:36:34 +0000 2019,0.0,1.0,0.0,0.0
Fox,"RT @AriannaSimpson: When you get senior enough, most jobs eventually converge to reading, writing, and speaking. Worth investing early on i‚Ä¶",Thu Oct 24 02:18:39 +0000 2019,0.0,0.913,0.087,0.2263
Fox,"One of the most obvious ways for me to notice a really stressful, anxious or depressive period is that I stop takin‚Ä¶ https://t.co/uDmW0C1WVl",Thu Oct 24 04:12:06 +0000 2019,0.386,0.614,0.0,-0.8648
Fox,"Once an Uber driver asked me if I walked alone in the neighborhood after dark often. 

That was his first question‚Ä¶ https://t.co/WTTvNh4mn0",Thu Oct 24 04:31:03 +0000 2019,0.091,0.909,0.0,-0.25
Fox,"This is just masterful.

https://t.co/h2xHYQ1M3Q",Thu Oct 24 07:21:36 +0000 2019,0.0,1.0,0.0,0.0
Fox,"RT @katiehempenius: It appears that 62% of GIFs on the web are... tracking pixels.

üò≠üò≠üò≠(I had thought they were all dog videos.)

Additiona‚Ä¶",Thu Oct 31 02:53:45 +0000 2019,0.0,1.0,0.0,0.0
Fox,@justkelly_ok dump his sorry ass is the only answer,Thu Oct 31 05:21:28 +0000 2019,0.552,0.448,0.0,-0.7506
Fox,"@justkelly_ok also, reddit relationships is definitely a source of both existential dread and entertainment",Thu Oct 31 05:21:51 +0000 2019,0.162,0.541,0.297,0.3612
BBC,"For @adamlambert, performing with @QueenWillRock has been a dream come true.  üôå
https://t.co/suWyecxsWv",Thu Oct 31 07:01:02 +0000 2019,0.0,0.652,0.348,0.5859
BBC,üì£TEACHERS! There is a live programme from @BBCTeach coming next Monday at 8pm - @maddiemoate will host a special sh‚Ä¶ https://t.co/4X1myui19D,Thu Oct 31 08:01:02 +0000 2019,0.0,0.85,0.15,0.4574
BBC,"Social media accounts for your pets - yes or no?  üê∂ü§î
https://t.co/zQrbMEFsWn",Thu Oct 31 09:01:04 +0000 2019,0.158,0.647,0.194,0.128
BBC,"#HappyHarryween - @BBCLater have announced @Harry_Styles will make his show debut on 21st November!   üôåü§©
He joins‚Ä¶ https://t.co/kBIAXlqc0e",Thu Oct 31 11:57:54 +0000 2019,0.0,1.0,0.0,0.0
BBC,"Sergeant Stevie Bull has been nominated for a Pride of Britain award, after she tackled a man with a gun in a hospi‚Ä¶ https://t.co/C3LX9vWnYS",Thu Oct 31 14:01:03 +0000 2019,0.095,0.672,0.233,0.5423
BBC,"'Halloween is NOT fun!'  üôÖ‚Äç‚ôÄÔ∏èüôÖ‚Äç‚ôÇÔ∏èüéÉ
It was a very special Unpopular Opinion with @GregJames today as @Harry_Styles s‚Ä¶ https://t.co/zuxa4iWoss",Thu Oct 31 15:01:03 +0000 2019,0.0,0.838,0.162,0.5081
CBS,"Whether it's a trick or a treat, Happy #Halloween from CBS! https://t.co/k0pgIMaZ9X",Thu Oct 31 15:01:20 +0000 2019,0.081,0.47,0.449,0.7574
CBS,Gather ‚Äòround for a celebration of family. The 21st annual holiday adoption special A Home for the Holidays with‚Ä¶ https://t.co/yeVyYpvxrz,Thu Oct 31 16:08:19 +0000 2019,0.0,0.652,0.348,0.7906
CBS,@TimiFrost https://t.co/ByXflHqU93,Thu Oct 31 16:22:50 +0000 2019,0.0,1.0,0.0,0.0
BBC,"""It's time.""

Who's excited? üôã‚Äç‚ôÄÔ∏èüôã‚Äç‚ôÇÔ∏è
#HisDarkMaterials starts this Sunday | 8pm | @BBCOne &amp; @BBCiPlayer.

https://t.co/xT4KW5I4yc",Thu Oct 31 17:01:07 +0000 2019,0.0,0.844,0.156,0.34
BBC,Helena Bonham Carter on the time @GuyAChambers phoned her up and asked her to record a song for this year's @BBCCiN‚Ä¶ https://t.co/fUcjp5n3eh,Thu Oct 31 18:01:10 +0000 2019,0.0,1.0,0.0,0.0
CBS,Get into the #Halloween spirit by revisiting @YoungSheldon's spooky Hobbit-inspired dream: https://t.co/Xd5beUx7pw https://t.co/BTlKjGmRbs,Thu Oct 31 18:35:21 +0000 2019,0.0,0.748,0.252,0.4019
BBC,"It's another brilliant line up on @BBCLater tonight, co-hosted by @LadyLeshurr... music from @THE_SLPofficial,‚Ä¶ https://t.co/D5XMg6rL2U",Thu Oct 31 19:01:02 +0000 2019,0.0,0.787,0.213,0.5859
CBS,"RT @CBSAllAccess: Old tales, new blood. ü•Ä Your Halloween treat is the first look at your #TellMeAStory Season 2 key art. https://t.co/Ixkh6‚Ä¶",Thu Oct 31 19:55:45 +0000 2019,0.0,0.876,0.124,0.4019
CBS,RT @YandR_CBS: Need some costume inspiration for tonight? Check out these #Halloween looks from #YR! https://t.co/RVPRKf2uTR,Thu Oct 31 19:55:55 +0000 2019,0.0,0.802,0.198,0.5707
BBC,"""Try and stay calm. You're doing very well.‚Äù  ü¶á

#Dracula is a chilling new series from the creators of Sherlock ‚Äì‚Ä¶ https://t.co/UfCvUxWF9J",Thu Oct 31 21:01:04 +0000 2019,0.051,0.841,0.107,0.296
Fox,"@holman I told you, Zach",Thu Oct 31 21:56:30 +0000 2019,0.0,1.0,0.0,0.0
CBS,Face the monsters of #Evil this #Halloween. Stream it on https://t.co/2XNQAg6gJ6. https://t.co/VDDumLp0ac,Thu Oct 31 22:00:00 +0000 2019,0.0,1.0,0.0,0.0
Fox,"I find so much more joy and fulfilment while working in a safe environment, on things I care about, being paid less‚Ä¶ https://t.co/uG7vRmvPg3",Thu Oct 31 22:02:21 +0000 2019,0.0,0.619,0.381,0.8874
Fox,"@holman I mean, you could dress as a javascript framework to:

1) scare the living shit of some people
2) make some‚Ä¶ https://t.co/zTq9N6oeRX",Thu Oct 31 22:03:38 +0000 2019,0.264,0.736,0.0,-0.7783
Fox,@jongold you‚Äôre going to lose your will to live with their writing experience,Thu Oct 31 22:13:46 +0000 2019,0.184,0.816,0.0,-0.4019
Fox,@jongold notion doesn‚Äôt really know what it is and it shows. it‚Äôs neither for writing or management. I have used it‚Ä¶ https://t.co/Mm7vkTb1d2,Thu Oct 31 22:18:59 +0000 2019,0.0,1.0,0.0,0.0
nytimes,Evening Briefing: Here's what you need to know at the end of the day https://t.co/WopXgD4Fes,Tue Nov 05 00:00:12 +0000 2019,0.0,1.0,0.0,0.0
nytimes,"RT @cliffordlevy: Breaking:
Lev Parnas, the indicted Giuliani associate, has broken ranks with Trump‚Äôs team.
He‚Äôs talking with impeachment‚Ä¶",Tue Nov 05 00:20:07 +0000 2019,0.147,0.853,0.0,-0.4767
CBS,RT @TheNeighborhood: Say 'I do' to tonight's all-new episode of #TheNeighborhood at 8/7c on @CBS and @CBSAllAccess: https://t.co/zuE1XjKVL0‚Ä¶,Tue Nov 05 00:38:52 +0000 2019,0.0,1.0,0.0,0.0
nytimes,"""I got mine, and I found it shocking: More than 400 pages long, it contained all the messages I‚Äôd ever sent to host‚Ä¶ https://t.co/xZ02IUtGog",Tue Nov 05 00:40:02 +0000 2019,0.109,0.891,0.0,-0.4019
Fox,RT @Karrenbacs: Some great tips to think about when communicating information https://t.co/lKJKnzWKOd,Tue Nov 05 00:43:50 +0000 2019,0.0,0.728,0.272,0.6249
Fox,"Great data visualisation in this report on the gender equity gap.

However, I‚Äôd love to see any information on the‚Ä¶ https://t.co/o4ay8us4fL",Tue Nov 05 00:46:17 +0000 2019,0.0,0.696,0.304,0.8519
nytimes,"RT @dougmillsnyt: .@realDonaldTrump arrives for a campaign rally in Lexington, KY. https://t.co/fvUr8FS6S2",Tue Nov 05 00:50:04 +0000 2019,0.0,1.0,0.0,0.0
nytimes,"In Opinion

Martin Scorsese explains why he said Marvel movies aren't cinema. ""They are sequels in name, but they a‚Ä¶ https://t.co/PHtyoYfx7L",Tue Nov 05 01:00:11 +0000 2019,0.0,0.913,0.087,0.2263
Fox,"I‚Äôm really intrigued by the new @grammarly voice and tone feature. Also, glad that apparently, I appear friendly an‚Ä¶ https://t.co/gDlJg8WtOj",Tue Nov 05 01:04:25 +0000 2019,0.0,0.733,0.267,0.7351
nytimes,RT @julieturkewitz: UPDATED: Authorities have arrested a man they say plotted to blow up a Colorado synagogue. Temple Emanuel is more than‚Ä¶,Tue Nov 05 01:10:06 +0000 2019,0.14,0.86,0.0,-0.4767
CBS,Show some ‚ù§Ô∏è. An all-new #BobHeartsAbishola starts NOW. https://t.co/bfPWw4HJF9,Tue Nov 05 01:30:00 +0000 2019,0.0,1.0,0.0,0.0
nytimes,"‚ÄúWe wanted him out of the country as soon as possible,‚Äù a Norwegian security official said https://t.co/kny4rxbodC",Tue Nov 05 01:30:12 +0000 2019,0.0,0.862,0.138,0.34
CBS,@SunshineSaver Auntie will be so proud. #bobheartsabishola https://t.co/iFKBslIYTx,Tue Nov 05 01:31:15 +0000 2019,0.0,0.637,0.363,0.6113
CBS,@AnneLaBarbera The book can't help with everything. #bobheartsabishola https://t.co/qV5DXTILE3,Tue Nov 05 01:33:06 +0000 2019,0.22,0.78,0.0,-0.3089
CBS,@DelightfulDame We told you. #bobheartsabishola https://t.co/CIMOZYwj8s,Tue Nov 05 01:34:13 +0000 2019,0.0,1.0,0.0,0.0
CBS,@rockster38181 We ‚ù§Ô∏è that. #bobheartsabishola https://t.co/SoahXJjFYy,Tue Nov 05 01:35:49 +0000 2019,0.0,1.0,0.0,0.0
CBS,@happymimi13 We ‚ù§Ô∏è that they have Abishola's back. #bobheartsabishola https://t.co/tK4Tjf05Qt,Tue Nov 05 01:37:01 +0000 2019,0.0,1.0,0.0,0.0
CBS,@sean3528 Maybe they are. #bobheartsabishola https://t.co/OTcQNUbKKH,Tue Nov 05 01:37:52 +0000 2019,0.0,1.0,0.0,0.0
CBS,@EMauraA Everybody ‚ù§Ô∏è Dottie. #bobheartsabishola https://t.co/oRYU0EagnG,Tue Nov 05 01:40:02 +0000 2019,0.0,1.0,0.0,0.0
nytimes,"RT @AsteadWesley: NEW from me: How Buttigieg is emerging as the moderate frontrunner in Iowa, even ahead of Biden. He's ""smart"" and ""talent‚Ä¶",Tue Nov 05 01:40:03 +0000 2019,0.0,1.0,0.0,0.0
CBS,@1986Webber @TONYOK #bobheartsabishola https://t.co/zLViv4h0QJ,Tue Nov 05 01:40:54 +0000 2019,0.0,1.0,0.0,0.0
CBS,The road to recovery is paved with ‚ù§Ô∏è. #BobHeartsAbishola https://t.co/2TNBaRFv09,Tue Nov 05 01:42:50 +0000 2019,0.0,1.0,0.0,0.0
CBS,#BobHeartsAbishola and Instagram. Show some ‚ù§Ô∏è and follow the new account for exclusive content. https://t.co/7xuwcmMCRp,Tue Nov 05 01:44:59 +0000 2019,0.0,0.903,0.097,0.128
CBS,@dreamgirl_steph #bobheartsabishola https://t.co/bLPRQGn1tJ,Tue Nov 05 01:46:31 +0000 2019,0.0,1.0,0.0,0.0
CBS,@abpf91 @CEbersoleFans @TheFolake But there are limits to Abishola's help. #bobheartsabishola https://t.co/oiEldYkRBj,Tue Nov 05 01:47:33 +0000 2019,0.0,0.803,0.197,0.4019
nytimes,Roasted garlic is the secret to these deeply flavored mashed potatoes with a lively crunch from garlic chips. https://t.co/iamvzJNfPa,Tue Nov 05 01:50:04 +0000 2019,0.0,0.854,0.146,0.4404
CBS,@SahHtown #bobheartsabishola https://t.co/qyeyO04xUm,Tue Nov 05 01:50:51 +0000 2019,0.0,1.0,0.0,0.0
CBS,"@stef_j_30 Dottie's frustrated, alright. #bobheartsabishola https://t.co/orM5rX1hER",Tue Nov 05 01:53:54 +0000 2019,0.362,0.426,0.213,-0.34
CBS,We ‚ù§Ô∏è watching #BobHeartsAbishola with you. Join us for a new episode in two weeks on 11/18 on CBS. https://t.co/7MCHkbjcin,Tue Nov 05 02:00:55 +0000 2019,0.0,0.891,0.109,0.296
CBS,@EMauraA The sock biz moves pretty quickly. #bobheartsabishola https://t.co/h8u08QMmYO,Tue Nov 05 02:01:33 +0000 2019,0.0,0.714,0.286,0.4939
CBS,RT @AllRiseCBS: All eyes on #AllRise. New episode starts NOW! üé¢ https://t.co/EA8g0td2uk,Tue Nov 05 02:01:51 +0000 2019,0.0,1.0,0.0,0.0
CBS,Looking to follow the new @AllRiseCBS Twitter and Instagram handles? We'll allow it. #AllRise https://t.co/S8iBLxdI4v,Tue Nov 05 02:09:15 +0000 2019,0.0,0.881,0.119,0.2263
nytimes,Evening Briefing: Here's what you need to know at the end of the day https://t.co/aRVeQvslNv,Tue Nov 05 02:10:01 +0000 2019,0.0,1.0,0.0,0.0
nytimes,"RT @johnismay: His attacker said ‚ÄúYou came here to invade,‚Äù but Mahud Villalaz explained he was already an American citizen. The man splash‚Ä¶",Tue Nov 05 02:20:07 +0000 2019,0.097,0.903,0.0,-0.3291
nytimes,New York City's election Tuesday includes 5 ballot questions covering 19 proposals. Read more about what the city w‚Ä¶ https://t.co/1MhLryhqDD,Tue Nov 05 02:40:02 +0000 2019,0.0,1.0,0.0,0.0
nytimes,RT @NYTSports: Did you run the @nycmarathon in under 4:52:21? Find your name in today's @nytimes in print. https://t.co/FhhCAFGiib https://‚Ä¶,Tue Nov 05 02:50:06 +0000 2019,0.0,1.0,0.0,0.0
nytimes,Some 1.1 million Americans live within 3 miles of a coal plant that discharges pollutants into a public waterway. T‚Ä¶ https://t.co/sGJcXTUJi3,Tue Nov 05 03:00:10 +0000 2019,0.0,1.0,0.0,0.0
nytimes,RT @NYTParenting: Actress Casey Wilson (@caseyrosewilson) knew something was off about her toddler's melancholy behavior. She blamed hersel‚Ä¶,Tue Nov 05 03:20:05 +0000 2019,0.273,0.727,0.0,-0.7184
nytimes,"The deaths were ruled homicides, and investigators are searching for those responsible for the killings https://t.co/7XXufSyA2u",Tue Nov 05 03:40:06 +0000 2019,0.216,0.673,0.111,-0.4939
nytimes,"RT @nytimesarts: Sean Spicer's dancing has consistently been the worst on ""Dancing With the Stars,"" our critic says. Yet he's still on. htt‚Ä¶",Tue Nov 05 03:50:03 +0000 2019,0.228,0.772,0.0,-0.7351
nytimes,"‚Äî President Trump's staff once wanted his tweets on a 15-minute delay
‚Äî Over half of the president's more than 11,0‚Ä¶ https://t.co/QJ0yP9W4ch",Tue Nov 05 04:00:11 +0000 2019,0.113,0.887,0.0,-0.3182
nytimes,RT @nytpolitics: The Justice Department is trying to unearth the identity of the Trump administration official who denounced the president‚Ä¶,Tue Nov 05 04:22:46 +0000 2019,0.0,0.848,0.152,0.5267
nytimes,"With a flair for the dramatic, the cat stopped just inches from the goal line. Would this be yet another disappoint‚Ä¶ https://t.co/jzsidh1kXp",Tue Nov 05 04:31:05 +0000 2019,0.087,0.913,0.0,-0.2263
nytimes,Netflix is screening Martin Scorsese‚Äôs ‚ÄúThe Irishman‚Äù on Broadway at the Belasco Theater ahead of the film‚Äôs Novemb‚Ä¶ https://t.co/Ce3EBcQeV5,Tue Nov 05 04:40:04 +0000 2019,0.0,1.0,0.0,0.0
Fox,‚ÄúWhite women have to free themselves from the lingering notion that white supremacy has socialised them into‚Äîthat t‚Ä¶ https://t.co/VvmjH1YcoX,Tue Nov 05 04:55:35 +0000 2019,0.0,0.791,0.209,0.5423
nytimes,"The 28-year-old woman's heart would, out of nowhere, start beating like crazy. Sometimes that would set off terribl‚Ä¶ https://t.co/rZ9tVRvMBL",Tue Nov 05 05:00:11 +0000 2019,0.196,0.696,0.108,-0.257
nytimes,"Taking more steps during the day may be related to better sleep at night, according to a new study of lifestyle and‚Ä¶ https://t.co/bu88Ttm4cQ",Tue Nov 05 05:10:05 +0000 2019,0.0,0.879,0.121,0.4404
CNN,"Covfefe, a horse named for a tweet by President Trump, won a million-dollar race. üê¥ CNN's Jeanne Moos reports.‚Ä¶ https://t.co/W0jpeSXngJ",Tue Nov 05 05:16:07 +0000 2019,0.0,0.802,0.198,0.5719
nytimes,RT @MichaelPaulson: Jeremy O. Harris wrote ‚ÄúSlave Play.‚Äù Now it turns out he‚Äôs also written a choreopoem. Under a pseudonym. And it starts‚Ä¶,Tue Nov 05 05:20:03 +0000 2019,0.0,1.0,0.0,0.0
CNN,A North Dakota brewery is featuring dogs up for adoption on their beer cans https://t.co/UbD37g5TF2 https://t.co/5RJoMa0GcI,Tue Nov 05 05:22:04 +0000 2019,0.0,1.0,0.0,0.0
CNN,"LeBron James is adding safe housing to the school he founded in his hometown of Akron, Ohio, so students have a sta‚Ä¶ https://t.co/ET9y2Vi8Gq",Tue Nov 05 05:31:02 +0000 2019,0.0,0.879,0.121,0.4404
nytimes,"""This is so basic.‚Äù Researchers say they have found a way to take over voice-controlled digital assistants like App‚Ä¶ https://t.co/0bsqcRsiZp",Tue Nov 05 05:40:04 +0000 2019,0.0,0.878,0.122,0.3612
CNN,"NASA's Mars Curiosity rover is traversing the Red Planet on its own, searching for evidence of past life there. Rec‚Ä¶ https://t.co/kD3DvRw0du",Tue Nov 05 05:40:06 +0000 2019,0.0,1.0,0.0,0.0
CNN,"NASA's Voyager 1 and 2 spacecrafts, which launched in 1977, have made history by entering interstellar space and ex‚Ä¶ https://t.co/WReGf50jxs",Tue Nov 05 05:46:07 +0000 2019,0.0,0.919,0.081,0.128
CNN,A California rapid transit employee is being hailed as a hero for rescuing a man who fell onto the tracks as a trai‚Ä¶ https://t.co/qXWkNA1agC,Tue Nov 05 05:52:17 +0000 2019,0.0,0.766,0.234,0.6705
nytimes,"‚ÄúThere is barely any escape here, only a visit to a neighboring reality. This is a show about the rich and the powe‚Ä¶ https://t.co/qXysVWCbfL",Tue Nov 05 06:00:11 +0000 2019,0.0,0.791,0.209,0.6151
CNN,Rulings against Trump on his tax returns may be tough to reverse | Analysis by CNN's Joan Biskupic‚Ä¶ https://t.co/97yMQwJEPF,Tue Nov 05 06:01:05 +0000 2019,0.081,0.919,0.0,-0.128
CNN,"The 1-ton ""Wizard Rock"" has been found nearly one month after it was reported missing from a national forest in Ari‚Ä¶ https://t.co/N0c8dj1OwN",Tue Nov 05 06:09:10 +0000 2019,0.099,0.901,0.0,-0.296
CNN,"Norwegian firm Statkraft is operating the biggest virtual power plant in Europe, which connects over 1,500 wind, so‚Ä¶ https://t.co/wROCq6lXYJ",Tue Nov 05 06:16:07 +0000 2019,0.0,1.0,0.0,0.0
nytimes,"""The Morning Show"" has received most of the attention around Apple TV Plus, but there are other shows, too. Here‚Äôs‚Ä¶ https://t.co/ZaJhEWT5DC",Tue Nov 05 06:20:04 +0000 2019,0.0,1.0,0.0,0.0
CNN,"The two inmates who escaped a Northern California jail Sunday cut a hole in the ceiling of their building, the Mont‚Ä¶ https://t.co/pRc7CHsFUf",Tue Nov 05 06:24:13 +0000 2019,0.1,0.9,0.0,-0.2732
CNN,A California rapid transit employee is being hailed as a hero for rescuing a man who fell onto the tracks as a trai‚Ä¶ https://t.co/96qifsVtLZ,Tue Nov 05 06:31:05 +0000 2019,0.0,0.766,0.234,0.6705
CNN,"Authorities in China have approved a drug for the treatment of Alzheimer's disease. 

It's the first new medicine w‚Ä¶ https://t.co/uVylqNI3sx",Tue Nov 05 06:36:09 +0000 2019,0.0,0.865,0.135,0.4215
nytimes,"The fires in California so far have been remarkably less destructive and deadly compared with the last 2 years. 

H‚Ä¶ https://t.co/ZO2q8AItcN",Tue Nov 05 06:40:05 +0000 2019,0.173,0.827,0.0,-0.6105
CNN,Boeing tested the emergency abort system on its Starliner spacecraft. It's a critical step before the Starliner goe‚Ä¶ https://t.co/A1sugcMLci,Tue Nov 05 06:46:07 +0000 2019,0.234,0.766,0.0,-0.5994
CNN,The Texas teen accused of killing 10 people at Santa Fe High School last year will be declared not competent to sta‚Ä¶ https://t.co/U2XQT8HrRy,Tue Nov 05 06:53:59 +0000 2019,0.3,0.7,0.0,-0.8206
nytimes,"""Kids have not been exposed to a writer who looks like he does, who sounds like he does, who has that deep honesty‚Ä¶ https://t.co/7Vt6ORZejr",Tue Nov 05 07:00:09 +0000 2019,0.0,0.763,0.237,0.6395
BBC,"What's the real reason bears scratch their backs against trees?  üêªüå≥ü§î
#MeetTheBears | Streaming now on @BBCiPlayer.
https://t.co/lmuF62vdpw",Tue Nov 05 07:01:01 +0000 2019,0.07,0.93,0.0,-0.0516
CNN,"Authorities in China have approved a drug for the treatment of Alzheimer's disease. 

It's the first new medicine w‚Ä¶ https://t.co/KR3YxtY2WE",Tue Nov 05 07:01:02 +0000 2019,0.0,0.865,0.135,0.4215
CNN,Airbnb is cracking down on unauthorized house parties after five people were shot and killed at a Halloween party a‚Ä¶ https://t.co/YMmOgxKHlH,Tue Nov 05 07:10:25 +0000 2019,0.167,0.632,0.201,-0.0258
CNN,Watch 5-year-old Louisiana drumming prodigy Jeremiah Travis play alongside a high school drumline‚Ä¶ https://t.co/GrrXWppQh6,Tue Nov 05 07:16:09 +0000 2019,0.0,0.833,0.167,0.34
nytimes,"RT @nytimesworld: A revolt is gathering in Iraq against a reviled occupier: Iran, which like Iraq has a Shiite-led government. But it might‚Ä¶",Tue Nov 05 07:20:06 +0000 2019,0.0,0.884,0.116,0.3612
CNN,"Rihanna, LL Cool J, Gigi Hadid and other celebrities have joined Kim Kardashian West in trying to stop the executio‚Ä¶ https://t.co/G9EYS2Lf5N",Tue Nov 05 07:25:30 +0000 2019,0.094,0.809,0.098,0.0258
nytimes,At least 5 members of a prominent Mormon family were killed when their vehicles were ambushed in northern Mexico by‚Ä¶ https://t.co/OOndVsdnzN,Tue Nov 05 07:29:56 +0000 2019,0.189,0.714,0.097,-0.4939
CNN,A new study found the brains of 3-to-5-year-olds who overused screens were not as developed in areas needed for lan‚Ä¶ https://t.co/7MLx0ZEDxd,Tue Nov 05 07:31:04 +0000 2019,0.0,1.0,0.0,0.0
CNN,"""Jesus is King"" is the ninth consecutive Kanye West album to debut at No. 1 on the Billboard charts https://t.co/XmsdLsGGlP",Tue Nov 05 07:39:13 +0000 2019,0.109,0.891,0.0,-0.296
CNN,"Police believe the argument began over someone cutting in line. ""For you to get that angry over anything ... and to‚Ä¶ https://t.co/0WnRsLTCfn",Tue Nov 05 07:40:00 +0000 2019,0.278,0.722,0.0,-0.743
nytimes,"To mark the end of an era, the El Al pilot zigged and zagged, following a route shaped like the 747. Call it sky ar‚Ä¶ https://t.co/H56wJ1AosZ",Tue Nov 05 07:40:05 +0000 2019,0.0,0.906,0.094,0.3612
CNN,"A woman who failed to return two public library books on time was in line to receive a promotion at her job, but he‚Ä¶ https://t.co/JYcYCtqYOt",Tue Nov 05 07:46:05 +0000 2019,0.089,0.911,0.0,-0.2846
CNN,A miracle puppy found in an Australian backyard ‚Äî possibly being dropped by a bird of prey ‚Äî has been discovered to‚Ä¶ https://t.co/pmNLUCf6Wr,Tue Nov 05 07:51:16 +0000 2019,0.0,0.826,0.174,0.5859
CNN,Xi Jinping's message to Hong Kong: You're stuck with Carrie Lam https://t.co/EcVhA6Arjn https://t.co/EngQugmeFH,Tue Nov 05 07:54:05 +0000 2019,0.143,0.857,0.0,-0.25
nytimes,David Tudor‚Äôs installation ‚ÄúRainforest V (variation 1)‚Äù at the Museum of Modern Art transports visitors from its pe‚Ä¶ https://t.co/YSYbC8keHB,Tue Nov 05 08:00:09 +0000 2019,0.0,1.0,0.0,0.0
CNN,"A man in Florida could face up to a year in federal prison and a $50,000 fine after witnesses said they saw him kil‚Ä¶ https://t.co/GQtM6F1xot",Tue Nov 05 08:01:47 +0000 2019,0.131,0.797,0.072,-0.3612
CNN,Police have found 41 people alive in the back of a refrigerated truck during a routine highway check in northern Gr‚Ä¶ https://t.co/BSknJMWvqf,Tue Nov 05 08:10:31 +0000 2019,0.0,0.88,0.12,0.3818
CNN,How CNN got the secret Mueller interview documents https://t.co/EZGK1tX1nu https://t.co/leYmo5fYbB,Tue Nov 05 08:16:23 +0000 2019,0.0,1.0,0.0,0.0
nytimes,"Half a century after Judy Garland died and 80 years after ‚ÄúThe Wizard of Oz‚Äù made her famous, a host of cabaret per‚Ä¶ https://t.co/dk8oEDgqZ2",Tue Nov 05 08:20:05 +0000 2019,0.146,0.854,0.0,-0.5574
Fox,Launching something tomorrow. Haven‚Äôt even done any performance optimisations yet. üôÉ https://t.co/AlAe6Z9meX,Tue Nov 05 08:23:50 +0000 2019,0.0,0.781,0.219,0.4215
CNN,"This year's highly anticipated American Girl holiday doll will be decked out with more than 5,000 Swarovski crystal‚Ä¶ https://t.co/ZTKYn0W07M",Tue Nov 05 08:25:06 +0000 2019,0.0,0.87,0.13,0.4019
Fox,"@kaptenadhoc yep, performance score == lighthouse performance score",Tue Nov 05 08:26:39 +0000 2019,0.0,0.761,0.239,0.296
CNN,"With the world-famous Aboriginal site Uluru now closed to climbing by tourists, other destinations in Australia are‚Ä¶ https://t.co/lMKPGa5Rgz",Tue Nov 05 08:30:57 +0000 2019,0.0,1.0,0.0,0.0
CNN,"As wildfires swept across California, President Trump took to Twitter on Sunday to criticize Gov. Gavin Newsom for‚Ä¶ https://t.co/3QEPAtyTDU",Tue Nov 05 08:36:42 +0000 2019,0.126,0.874,0.0,-0.3818
nytimes,Researchers used Crispr to force Salmonella to make lethal cuts to its own genome https://t.co/zRhPDSxABM,Tue Nov 05 08:40:06 +0000 2019,0.136,0.864,0.0,-0.296
CNN,"Organizations report high numbers of missing black children, but the cases don't often receive much attention https://t.co/03fTuSOE17",Tue Nov 05 08:43:52 +0000 2019,0.091,0.909,0.0,-0.1531
CNN,"LeBron James is adding safe housing to the school he founded in his hometown of Akron, Ohio, so students have a sta‚Ä¶ https://t.co/0JoDJc4GwL",Tue Nov 05 08:49:39 +0000 2019,0.0,0.879,0.121,0.4404
CNN,"Complex societies have, until now, been known to exist only among mammals. But a new study shows that the vulturine‚Ä¶ https://t.co/owEqWY4Qvo",Tue Nov 05 08:58:21 +0000 2019,0.0,1.0,0.0,0.0
nytimes,"RT @TimHerrera: ""Self-care"" wasn't always a scam! Here are some ideas to actually make it work for you. https://t.co/Wj8DH67vMs",Tue Nov 05 09:00:09 +0000 2019,0.0,0.838,0.162,0.509
BBC,"What's the craic?

#DublinMurders stars Sarah Greene and Tom Vaughan-Lawlor are here to teach you some Irish slang.‚Ä¶ https://t.co/8lk5aqJ69Q",Tue Nov 05 09:01:02 +0000 2019,0.0,1.0,0.0,0.0
CNN,Watch this 5-year-old drumming prodigy perform with a high school drum line https://t.co/QylcouNhbL https://t.co/5UTbMGbFFp,Tue Nov 05 09:07:16 +0000 2019,0.0,1.0,0.0,0.0
nytimes,"Breaking News: At least 9 members of a Mormon family, including 6 children, were killed in northern Mexico in an am‚Ä¶ https://t.co/9WImSACWRB",Tue Nov 05 09:09:00 +0000 2019,0.2,0.8,0.0,-0.6705
CNN,"Papa John's is introducing a garlic Parmesan-flavored crust, its first new dough in 35 years
https://t.co/KBTvueI067",Tue Nov 05 09:15:58 +0000 2019,0.0,1.0,0.0,0.0
nytimes,"A driver struck a family of 3 when he drove onto the sidewalk, and faces charges of driving under the influence and‚Ä¶ https://t.co/mtL0ldjhc4",Tue Nov 05 09:20:04 +0000 2019,0.186,0.814,0.0,-0.4767
CNN,The number of US adolescents admitted to emergency rooms for injuries related to sexual abuse more than doubled bet‚Ä¶ https://t.co/mjciYi1Uf5,Tue Nov 05 09:24:38 +0000 2019,0.267,0.627,0.106,-0.7269
CNN,"Chinese-owned social video app TikTok followed the lead of other, bigger social media companies and turned down an‚Ä¶ https://t.co/hSyPcPnCs8",Tue Nov 05 09:33:21 +0000 2019,0.0,1.0,0.0,0.0
CNN,"Turkey has captured the sister of slain ISIS leader Abu Bakr al-Baghdadi in the northern Syrian town of Azaz, and i‚Ä¶ https://t.co/Cv87zW7fFC",Tue Nov 05 09:39:05 +0000 2019,0.0,1.0,0.0,0.0
nytimes,"Xi Jinping endorsed free trade principles and promised to welcome foreign investment in a speech, but he stopped sh‚Ä¶ https://t.co/Q8wOsAGlJI",Tue Nov 05 09:40:04 +0000 2019,0.099,0.589,0.312,0.4678
CNN,"The Trump administration announced that it will begin formally withdrawing the US from the Paris climate accord, th‚Ä¶ https://t.co/IhrQQZWxWb",Tue Nov 05 09:48:04 +0000 2019,0.0,1.0,0.0,0.0
CNN,"India's capital declared a public health emergency as a toxic, throat-searing cloud of smog choked the city https://t.co/Y7TsarfRLx",Tue Nov 05 09:56:46 +0000 2019,0.378,0.622,0.0,-0.7845
nytimes,TikTok‚Äôs popularity blazes uncharted territory. Its unexpected rise is forcing Americans for the first time to cons‚Ä¶ https://t.co/LW6b9xf8zg,Tue Nov 05 10:00:06 +0000 2019,0.0,0.846,0.154,0.4767
CNN,"Authorities believe that the dogs attacked the woman and she put them outside before succumbing to her injuries, no‚Ä¶ https://t.co/nLePV2ro9W",Tue Nov 05 10:02:40 +0000 2019,0.136,0.864,0.0,-0.4588
BBC,"This is the effect fireworks can have on a dog.
#BonfireNight #GuyFawkesNight 
https://t.co/inK5CPQ7kJ",Tue Nov 05 10:08:01 +0000 2019,0.0,1.0,0.0,0.0
CNN,Former NFL player Kellen Winslow II pleaded guilty to sexual assault charges in a deal that could result in up to 1‚Ä¶ https://t.co/egvVpyKI6y,Tue Nov 05 10:08:38 +0000 2019,0.314,0.686,0.0,-0.8271
nytimes,"The new Shanghai museum is the ‚Äúlargest ever cultural exchange‚Äù between France and China, the Pompidou says. But Ch‚Ä¶ https://t.co/n7oQlF1RoI",Tue Nov 05 10:20:06 +0000 2019,0.0,1.0,0.0,0.0
CNN,Wondering whether it's worth going for a little jog? Get those sneakers on -- a new study shows that any amount of‚Ä¶ https://t.co/PpLjDuVXZJ,Tue Nov 05 10:22:03 +0000 2019,0.0,0.913,0.087,0.2263
CNN,5 key developments in the Trump impeachment inquiry https://t.co/AhwcN47Q58 https://t.co/470iBGqA2Z,Tue Nov 05 10:29:42 +0000 2019,0.0,1.0,0.0,0.0
CNN,"A man stole an electric shopping cart from Walmart and drove it from one bar to another to avoid a DWI, police say‚Ä¶ https://t.co/vcFg9jmJqf",Tue Nov 05 10:35:46 +0000 2019,0.095,0.905,0.0,-0.296
nytimes,"In an effort to counter American sanctions, Iran will pull further away from a nuclear accord signed 4 years ago, P‚Ä¶ https://t.co/8wc8LuWO2x",Tue Nov 05 10:39:59 +0000 2019,0.0,1.0,0.0,0.0
CNN,"""Microgravity is the only condition in which we can observe specific experiments like the behavior of a spinning so‚Ä¶ https://t.co/nMeGkAIFVg",Tue Nov 05 10:41:50 +0000 2019,0.0,0.878,0.122,0.3612
CNN,"The legendary Julie Andrews was Mary Poppins, Maria von Trapp, and Eliza Doolittle. 

But it wasn't all glamour. Sh‚Ä¶ https://t.co/NPmIKhFbMr",Tue Nov 05 10:47:45 +0000 2019,0.127,0.873,0.0,-0.4168
CNN,"A pilot was grounded ""for life"" for allowing a passenger to take a photo in the cockpit https://t.co/KRbp6HX6Jf",Tue Nov 05 10:48:00 +0000 2019,0.0,1.0,0.0,0.0
CNN,Singapore is banning the riding of e-scooters on sidewalks in the city-state after a growing number of accidents in‚Ä¶ https://t.co/qrEPrAlZ7r,Tue Nov 05 10:54:03 +0000 2019,0.108,0.751,0.141,-0.0772
CNN,"""This is a shocking state of affairs,"" said India's top court of the pollution in New Delhi https://t.co/0x72RXrNuM",Tue Nov 05 11:00:01 +0000 2019,0.138,0.769,0.092,-0.2263
nytimes,Here are some of the highlights worth watching from late night TV https://t.co/z7fgsddJEC,Tue Nov 05 11:00:07 +0000 2019,0.0,0.863,0.137,0.2263
CNN,"All the revelations of the past 24 hours in Washington, DC https://t.co/RrTykimJa9 | Analysis by @StCollinson https://t.co/xvpO7dcQeJ",Tue Nov 05 11:05:14 +0000 2019,0.0,1.0,0.0,0.0
CNN,The number of US adolescents admitted to emergency rooms for injuries related to sexual abuse more than doubled bet‚Ä¶ https://t.co/MpxgYAuq12,Tue Nov 05 11:15:04 +0000 2019,0.267,0.627,0.106,-0.7269
nytimes,"About 200 Russian fighters have arrived in Libya in the last 6 weeks, part of a broad campaign by the Kremlin to re‚Ä¶ https://t.co/JUcgj2Np08",Tue Nov 05 11:19:03 +0000 2019,0.054,0.946,0.0,-0.0516
CNN,"Ellen DeGeneres is the second recipient of the award, the first having been its namesake, Carol Burnett https://t.co/w2cGx0NZdz",Tue Nov 05 11:24:36 +0000 2019,0.0,0.829,0.171,0.5423
CNN,It‚Äôs been two years since reports exposed dozens of women‚Äôs accusations of sexual abuse against Harvey Weinstein. M‚Ä¶ https://t.co/sOEzMHOLcO,Tue Nov 05 11:32:19 +0000 2019,0.328,0.672,0.0,-0.7783
CNN,It‚Äôs been two years since reports exposed dozens of women‚Äôs accusations of sexual abuse against Harvey Weinstein. M‚Ä¶ https://t.co/MqIOx4zbYN,Tue Nov 05 11:35:52 +0000 2019,0.328,0.672,0.0,-0.7783
CNN,"India's capital declared a public health emergency as a toxic, throat-searing cloud of smog choked the city https://t.co/zYd1b3CJsW",Tue Nov 05 11:37:37 +0000 2019,0.378,0.622,0.0,-0.7845
nytimes,Traditional American grocery stores are being forced out of business by fewer shoppers and competition from dollar-‚Ä¶ https://t.co/ZBvBJgX4Zj,Tue Nov 05 11:40:05 +0000 2019,0.15,0.85,0.0,-0.4588
CNN,"NASA's Voyager 1 and 2 spacecrafts, which launched in 1977, have made history by entering interstellar space and ex‚Ä¶ https://t.co/Az9uCDLTUY",Tue Nov 05 11:45:52 +0000 2019,0.0,0.919,0.081,0.128
CNN,"The opening scene in The Sound of Music is one of the most iconic shots in cinema history. But behind the scenes, t‚Ä¶ https://t.co/cg2Y5r1iQf",Tue Nov 05 11:47:00 +0000 2019,0.0,1.0,0.0,0.0
CNN,11 wild new details revealed in the impeachment transcripts | Analysis by @zbyronwolf https://t.co/k1YjCMcrql https://t.co/C75vk2Gplw,Tue Nov 05 11:54:53 +0000 2019,0.0,1.0,0.0,0.0
CNN,"Emma Watson has said she prefers to call herself ""self-partnered"" rather than single as she approaches her 30th bir‚Ä¶ https://t.co/EGGLr3GA7i",Tue Nov 05 11:58:53 +0000 2019,0.0,1.0,0.0,0.0
nytimes,President Trump is not the first president to defy Congress. A struggle for power has been playing out since the na‚Ä¶ https://t.co/EMWtx5IRe0,Tue Nov 05 12:00:07 +0000 2019,0.1,0.823,0.078,-0.128
CNN,"""When I am in the water, I have the impression that my disability has disappeared. I have no prosthetics, no wheelc‚Ä¶ https://t.co/ZQUJH3b2ww",Tue Nov 05 12:10:04 +0000 2019,0.272,0.647,0.082,-0.5267
nytimes,The release of the first 2 transcripts of impeachment inquiry testimony offered the public a glimpse of both the du‚Ä¶ https://t.co/iFy0gxG1oJ,Tue Nov 05 12:20:04 +0000 2019,0.0,1.0,0.0,0.0
CNN,"Members of a Mormon community were attacked while traveling near the US-Mexico border, authorities said Tuesday. A‚Ä¶ https://t.co/R6ghCJarMY",Tue Nov 05 12:20:06 +0000 2019,0.158,0.842,0.0,-0.4588
CNN,Conflicting recommendations on when and how average-risk adults should get screened for colon and rectal cancer cou‚Ä¶ https://t.co/kmkSZHAK6N,Tue Nov 05 12:29:20 +0000 2019,0.307,0.693,0.0,-0.7964
CNN,Scientists studying California's devastating wildfires are using a powerful new radar system that could help them b‚Ä¶ https://t.co/wSVxNXVuy0,Tue Nov 05 12:38:48 +0000 2019,0.181,0.588,0.231,0.0516
nytimes,A new poll from The New York Times reveals which Democratic candidates may have a competitive edge against Presiden‚Ä¶ https://t.co/7lAcl0wNh2,Tue Nov 05 12:40:03 +0000 2019,0.0,0.909,0.091,0.1779
CNN,"After Trump debacle, Ukraine has one card to play | By Michael Bociurkiw for @CNNOpinion https://t.co/2RfNQ6DWRQ https://t.co/mx72ggpAXP",Tue Nov 05 12:48:13 +0000 2019,0.0,0.862,0.138,0.34
CNN,"Uber lost more than $1 billion in the third quarter, but revenue growth improved https://t.co/ozqosPafav https://t.co/ovL0hHW7ph",Tue Nov 05 12:57:41 +0000 2019,0.08,0.582,0.338,0.7753
CNN,Dutch Olympian Madiea Ghafoor had about 110 pounds of ecstasy and about 2.5 pounds of methamphetamine in her posses‚Ä¶ https://t.co/oTAjClVi0b,Tue Nov 05 13:00:07 +0000 2019,0.0,0.83,0.17,0.5994
nytimes,"The wax palm, Colombia's national tree, is endangered. With decades of guerrilla war in retreat, scientists are red‚Ä¶ https://t.co/MdbbhIQxln",Tue Nov 05 13:00:09 +0000 2019,0.172,0.749,0.079,-0.4767
CNN,Boeing tested the emergency abort system on its Starliner spacecraft. It's a critical step before the Starliner goe‚Ä¶ https://t.co/9TaK6W9bAy,Tue Nov 05 13:09:01 +0000 2019,0.234,0.766,0.0,-0.5994
nytimes,"Virginia, Kentucky and Mississippi have major races that will signal the intensity of Republican support for Presid‚Ä¶ https://t.co/Uobi7pwOdQ",Tue Nov 05 13:10:25 +0000 2019,0.0,0.863,0.137,0.4019
CNN,"An Ohio woman found dead in her home was likely killed by her own dogs, police say. https://t.co/3nT8LJE5a0",Tue Nov 05 13:14:51 +0000 2019,0.355,0.645,0.0,-0.8689
nytimes,"Democrats believe Adam Schiff, the chairman of the House Intelligence Committee, could be the man to bring down Pre‚Ä¶ https://t.co/u1wNpSGghp",Tue Nov 05 13:20:09 +0000 2019,0.0,0.86,0.14,0.4767
CNN,"While the amount of time spent at work was cut dramatically, productivity ‚Äî measured by sales per employee ‚Äî went u‚Ä¶ https://t.co/aViFEpde5Q",Tue Nov 05 13:23:35 +0000 2019,0.1,0.9,0.0,-0.2732
CNN,"LeBron James is adding safe housing to the school he founded in his hometown of Akron, Ohio, so students have a sta‚Ä¶ https://t.co/O8S7w40lhR",Tue Nov 05 13:25:31 +0000 2019,0.0,0.879,0.121,0.4404
CNN,"British politician Lindsay Hoyle has become the new Speaker of the House of Commons, replacing John Bercow in the r‚Ä¶ https://t.co/q8TdT7Ve5B",Tue Nov 05 13:33:41 +0000 2019,0.0,1.0,0.0,0.0
nytimes,"Arrests for drugs increased again last year, despite bipartisan calls to treat drug addiction as a public health is‚Ä¶ https://t.co/sEcxV0kSCG",Tue Nov 05 13:39:06 +0000 2019,0.122,0.675,0.203,0.2263
CNN,"Norwegian firm Statkraft is operating the biggest virtual power plant in Europe, which connects over 1,500 wind, so‚Ä¶ https://t.co/EuOTWGx0Us",Tue Nov 05 13:42:22 +0000 2019,0.0,1.0,0.0,0.0
CNN,"A portable, energy-efficient home that was originally built for a competition may be available on the market soon i‚Ä¶ https://t.co/AL5YPOOm5n",Tue Nov 05 13:48:40 +0000 2019,0.0,1.0,0.0,0.0
CNN,The new commissioner of the New York City Police Department will take over the leadership of a force facing a surge‚Ä¶ https://t.co/uc0qMxWgux,Tue Nov 05 13:57:55 +0000 2019,0.0,1.0,0.0,0.0
nytimes,"It is the deepest warship wreck ever discovered, according to researchers https://t.co/0IvFx2BM8G",Tue Nov 05 14:00:02 +0000 2019,0.315,0.685,0.0,-0.5574
CNN,A small black and white pup is continuing her road to recovery after being rescued just in time from a freezing Ill‚Ä¶ https://t.co/Z0AcaYTYd9,Tue Nov 05 14:00:08 +0000 2019,0.06,0.819,0.121,0.34
BBC,"Who exactly was Guy Fawkes? üéá
#BonfireNight #GuyFawkesNight
https://t.co/38uwIjwTZ1",Tue Nov 05 14:01:05 +0000 2019,0.0,1.0,0.0,0.0
nytimes,Secretary of State Mike Pompeo faces political peril in the Ukraine affair as a parade of his diplomats testify. He‚Ä¶ https://t.co/zyfxgvuG7j,Tue Nov 05 14:03:47 +0000 2019,0.124,0.876,0.0,-0.4019
CNN,"Following promises of more transparency, Facebook unveiled a colorful logo to distinguish the corporate parent from‚Ä¶ https://t.co/yqjbNkoxbf",Tue Nov 05 14:08:31 +0000 2019,0.0,0.852,0.148,0.3818
BBC,"RT @BBCCiN: Get together for The Annual Duck Race Sweepstake üê§üèÅ

Download your free sweepstake kit now 

Watch live | 1PM | Friday 15 Novem‚Ä¶",Tue Nov 05 14:15:33 +0000 2019,0.0,0.87,0.13,0.5106
nytimes,"Gov. Andrew Cuomo wants to spend more than $50 million a year on new police officers for New York City's subway, ev‚Ä¶ https://t.co/b6InMBmVxB",Tue Nov 05 14:22:01 +0000 2019,0.0,1.0,0.0,0.0
CNN,Conflicting recommendations on when and how average-risk adults should get screened for colon and rectal cancer cou‚Ä¶ https://t.co/Kv4n6oebqv,Tue Nov 05 14:24:27 +0000 2019,0.307,0.693,0.0,-0.7964
nytimes,At least 9 members of a Mormon family were killed in northern Mexico in an ambush. 6 children were among the victim‚Ä¶ https://t.co/xhIHd6SDj8,Tue Nov 05 14:30:07 +0000 2019,0.191,0.809,0.0,-0.6705
CNN,The NBA is launching a streaming service that lets people pay a monthly or annual fee to access more than 100 live‚Ä¶ https://t.co/DxDaF1sg8k,Tue Nov 05 14:31:41 +0000 2019,0.065,0.935,0.0,-0.1027
nytimes,"In Opinion

""This Islamophobic and xenophobic narrative largely originated with a handful of bigoted activists and‚Ä¶ https://t.co/tmUCLe3rrz",Tue Nov 05 14:40:02 +0000 2019,0.0,1.0,0.0,0.0
CNN,"India's capital declared a public health emergency as a toxic, throat-searing cloud of smog choked the city https://t.co/JygLkuw2ry",Tue Nov 05 14:56:11 +0000 2019,0.378,0.622,0.0,-0.7845
CNN,"""A state trooper has come on the field and the cat runs into the end zone. That is a touchdown!"" https://t.co/mvblkkxhdz",Tue Nov 05 14:59:33 +0000 2019,0.0,1.0,0.0,0.0
nytimes,"‚ÄúIt‚Äôs chaos,‚Äù said one of the children‚Äôs librarians.

Many of the terraces at a new $41.5 million library in Long I‚Ä¶ https://t.co/IlXsCnAJRD",Tue Nov 05 15:00:19 +0000 2019,0.0,1.0,0.0,0.0
CNN,"Today's top business headlines:

- Optimism in the US-China trade war

- Apple commits $2.5B to combat California h‚Ä¶ https://t.co/n2VNSL5gyL",Tue Nov 05 15:09:06 +0000 2019,0.245,0.506,0.249,-0.2263
CNN,"While the amount of time spent at work was cut dramatically, productivity ‚Äî measured by sales per employee ‚Äî went u‚Ä¶ https://t.co/YLxyvs4ASP",Tue Nov 05 15:19:03 +0000 2019,0.1,0.9,0.0,-0.2732
nytimes,"In Opinion

""There‚Äôs very little evidence that ‚ÄúLatinx‚Äù is a thing that many Hispanics or Latinos call themselves,‚Ä¶ https://t.co/rbN7lLUABb",Tue Nov 05 15:20:06 +0000 2019,0.0,1.0,0.0,0.0
CNN,Singapore is banning the riding of e-scooters on sidewalks in the city-state after a growing number of accidents in‚Ä¶ https://t.co/SX1ncsHgKA,Tue Nov 05 15:31:21 +0000 2019,0.108,0.751,0.141,-0.0772
nytimes,"EU officials, questioned on Monday about revelations of corruption in the farm subsidy program, said that outright‚Ä¶ https://t.co/5yenh23FUk",Tue Nov 05 15:34:08 +0000 2019,0.076,0.924,0.0,-0.1027
nytimes,Expectations that flying taxis will become a reality in the coming years are quickly building. Companies like the G‚Ä¶ https://t.co/81rTYj432J,Tue Nov 05 15:40:03 +0000 2019,0.0,0.878,0.122,0.3612
CNN,"Steve Easterbrook was fired by the board for engaging in a ""consensual relationship with an employee."" He was immed‚Ä¶ https://t.co/0sa7OxbEx4",Tue Nov 05 15:42:04 +0000 2019,0.157,0.739,0.104,-0.296
nytimes,"Jacob Rees-Mogg, the leader of Britain‚Äôs House of Commons, caused outrage when he suggested that victims of the 201‚Ä¶ https://t.co/uimZNiex98",Tue Nov 05 15:50:07 +0000 2019,0.237,0.763,0.0,-0.6808
CNN,The Officer Collin Rose Memorial Foundation will pay nearly 600 students' lunch debt at Gull Lake Community Schools‚Ä¶ https://t.co/Zmu7XwtGJW,Tue Nov 05 15:55:53 +0000 2019,0.187,0.813,0.0,-0.4404
nytimes,"RT @kashhill: Sift said it had gotten over 8,000 data requests by midday yesterday. Today the Google form for submissions that we linked in‚Ä¶",Tue Nov 05 15:59:59 +0000 2019,0.0,1.0,0.0,0.0
CNN,"A 48-year-old woman, accused of causing four deaths after faking her medical qualifications, has been arrested in G‚Ä¶ https://t.co/bslkNsqBZv",Tue Nov 05 16:00:08 +0000 2019,0.351,0.649,0.0,-0.7964
nytimes,RT @kashhill: Sift is still accepting data requests. Email privacy@sift.com &amp; then you'll get your own link to a Google form. And if you wa‚Ä¶,Tue Nov 05 16:00:09 +0000 2019,0.0,0.898,0.102,0.3818
CNN,"At a time when the rates of many STDs are soaring, people are sharing images of genital sores and rashes with stran‚Ä¶ https://t.co/s9dDmssBeg",Tue Nov 05 16:10:39 +0000 2019,0.0,0.882,0.118,0.4215
nytimes,All is not fair in love and war memorabilia: A sword said to have belonged to President William Henry Harrison was‚Ä¶ https://t.co/cL0Y8rgdnN,Tue Nov 05 16:11:06 +0000 2019,0.339,0.661,0.0,-0.8493
nytimes,"‚ÄúWe were hiding in her house ‚Äî she saved all my family.""

Melpomeni Dina was reunited with the 2 surviving members‚Ä¶ https://t.co/cWXGsd8QK9",Tue Nov 05 16:20:08 +0000 2019,0.091,0.702,0.207,0.4215
CNN,"The ""Real Housewives"" franchise has survived tears, broken glasses and financial troubles to grow into one of the m‚Ä¶ https://t.co/p06mK0N2lH",Tue Nov 05 16:30:02 +0000 2019,0.293,0.586,0.121,-0.5719
nytimes,"After being closed for decades, mills in New England are being repurposed as apartment buildings, co-working center‚Ä¶ https://t.co/YB4SFsaueP",Tue Nov 05 16:40:02 +0000 2019,0.0,1.0,0.0,0.0
CNN,"Emma Watson has said she prefers to call herself ""self-partnered"" rather than single as she approaches her 30th bir‚Ä¶ https://t.co/kQhweQ6GEF",Tue Nov 05 16:44:19 +0000 2019,0.0,1.0,0.0,0.0
BBC,"RT @bbcbitesize: Do you have a #pug? Do you want to send them into space?...Kind of.

Share a photo of your #pug for a chance to be feature‚Ä¶",Tue Nov 05 16:46:58 +0000 2019,0.0,0.79,0.21,0.594
CNN,"Alright, alright, alright...

Mathew McConaughey joined Instagram for his 50th birthday and quickly racked up hundr‚Ä¶ https://t.co/MYRi0ZOsDu",Tue Nov 05 16:49:24 +0000 2019,0.0,0.789,0.211,0.4588
nytimes,"RT @NYTSports: Cat, and we can‚Äôt stress this enough, on the field https://t.co/XMfQBJH8pE",Tue Nov 05 16:50:02 +0000 2019,0.189,0.811,0.0,-0.4215
nytimes,"In Opinion

""The protests and the violent response have shredded the myth of sectarianism as the organizing princip‚Ä¶ https://t.co/i45qSyjvSH",Tue Nov 05 17:00:14 +0000 2019,0.254,0.746,0.0,-0.7003
CNN,The number of US adolescents admitted to emergency rooms for injuries related to sexual abuse more than doubled bet‚Ä¶ https://t.co/6iJ9yKIpM9,Tue Nov 05 17:03:24 +0000 2019,0.267,0.627,0.106,-0.7269
CNN,The American economy is experiencing turbulence. The trade war and global weakness are slowing growth. But Mary Dal‚Ä¶ https://t.co/RWIKC0xCBK,Tue Nov 05 17:09:36 +0000 2019,0.265,0.632,0.103,-0.6249
nytimes,"It‚Äôs Election Day in New York. @NYTMetro has what you need to know about how to find your polling place, who the ca‚Ä¶ https://t.co/LrjPKOgJnK",Tue Nov 05 17:20:03 +0000 2019,0.0,1.0,0.0,0.0
nytimes,The 5 ballot questions New York City is asking voters to weigh in on cover 19 proposals. Read our overview before h‚Ä¶ https://t.co/gw9rowcyDy,Tue Nov 05 17:21:23 +0000 2019,0.0,1.0,0.0,0.0
CNN,"Chinese-owned social video app TikTok followed the lead of other, bigger social media companies and turned down an‚Ä¶ https://t.co/rXlvViKNkz",Tue Nov 05 17:24:27 +0000 2019,0.0,1.0,0.0,0.0
CNN,"Queen Elizabeth II has ditched real fur in her outfits and instead opts for fake, according to a book written by he‚Ä¶ https://t.co/OguigOYYaO",Tue Nov 05 17:32:06 +0000 2019,0.129,0.871,0.0,-0.4767
CNN,Tent cities emerged across Austin this summer after the city effectively made it legal for homeless residents to ca‚Ä¶ https://t.co/aOVGhfmd5A,Tue Nov 05 17:40:05 +0000 2019,0.0,0.804,0.196,0.5267
nytimes,A German start-up working to create flying taxis promises that within 5 years it will be able to fly passengers fro‚Ä¶ https://t.co/Q0P9655GDI,Tue Nov 05 17:40:09 +0000 2019,0.0,0.793,0.207,0.5719
CNN,"The Lamborghini Countach was the first modern supercar. Here's why it was a revolution in design, and how it transf‚Ä¶ https://t.co/DIgsSjlaxn",Tue Nov 05 17:54:18 +0000 2019,0.0,1.0,0.0,0.0
nytimes,The authorities in Maryland are searching for a man who they say fatally stabbed another man in an altercation whil‚Ä¶ https://t.co/ShUa06aQqm,Tue Nov 05 18:00:14 +0000 2019,0.283,0.717,0.0,-0.7964
CNN,Today is National Doughnut Day  üç© in case you need an excuse to eat one. Did you know America produces about 10 bil‚Ä¶ https://t.co/qdPvBBuDJe,Tue Nov 05 18:07:07 +0000 2019,0.0,0.944,0.056,0.0772
nytimes,"Breaking News: U.S. House impeachment investigators have summoned Mick Mulvaney, President Trump's acting chief of‚Ä¶ https://t.co/G6W0AaP2za",Tue Nov 05 18:10:58 +0000 2019,0.0,1.0,0.0,0.0
CNN,A senior adviser to Vice President Mike Pence is likely to comply with a request to testify on Thursday in front of‚Ä¶ https://t.co/qPkvT6nNva,Tue Nov 05 18:12:06 +0000 2019,0.0,1.0,0.0,0.0
nytimes,"A driver struck a family of 3 when he drove onto the sidewalk, and faces charges of driving under the influence and‚Ä¶ https://t.co/mSiNGmKEcp",Tue Nov 05 18:20:06 +0000 2019,0.186,0.814,0.0,-0.4767
CNN,"Abigail Arias, the 7-year-old honorary police officer who lit up her hometown of Freeport, Texas, while living with‚Ä¶ https://t.co/1r9FsVoQ5j",Tue Nov 05 18:20:12 +0000 2019,0.0,0.882,0.118,0.34
Fox,"‚ö°Ô∏è Fresh off the press; Performance Newsletter ‚Ññ34! Learn about the importance of third party tracking, how perform‚Ä¶ https://t.co/eLfnZi3w81",Tue Oct 22 00:39:40 +0000 2019,0.0,0.672,0.328,0.7777
Fox,"@kristen_hardy lol, too real",Tue Oct 22 01:04:16 +0000 2019,0.0,0.517,0.483,0.4215
Fox,60% of male managers are afraid that they can‚Äôt control their inappropriate urges and/or they won‚Äôt be as competent‚Ä¶ https://t.co/7sBTSxQ8z9,Tue Oct 22 02:53:05 +0000 2019,0.0,1.0,0.0,0.0
Fox,"@marcysutton ""I have met some females in my life, therefore, i cannot be a trashbag"" lol",Tue Oct 22 03:08:27 +0000 2019,0.152,0.848,0.0,-0.3252
Fox,"This thread is a goldmine of dark design patterns meant to create a sense of urgency.

https://t.co/WYBPRwzLp3",Tue Oct 22 04:36:03 +0000 2019,0.0,0.87,0.13,0.2732
Fox,"RT @McJesse: MEN TALKING TO FEMALE COWORKER BEFORE METOO: 
""You look so pretty.""

MEN TALKING TO FEMALE COWORKER AFTER METOO: 
""You look so‚Ä¶",Tue Oct 22 04:49:27 +0000 2019,0.0,1.0,0.0,0.0
Fox,"RT @calibreapp: Performance Newsletter Issue ‚Ññ34‚Äîthe link between performance and accessibility by @HenriHelvetica, an interview on perform‚Ä¶",Tue Oct 22 06:56:46 +0000 2019,0.0,1.0,0.0,0.0
Fox,"Why psychological safety is an absolute must-have at work:

‚ÄúBeing able to feel safe with other people is probably‚Ä¶ https://t.co/7TQruQEOXz",Tue Oct 22 06:59:30 +0000 2019,0.0,0.759,0.241,0.6908
Fox,"JavaScript, the never-ending story (cc @figmadesign) https://t.co/1ci1BgAOpx",Tue Oct 22 07:02:45 +0000 2019,0.0,1.0,0.0,0.0
Fox,"Zing.

https://t.co/A1ch46Rtd3",Tue Oct 22 23:19:54 +0000 2019,0.0,1.0,0.0,0.0
Fox,"me: I wonder what‚Äôs going on the bird website...
twitter: *hatred, exclusion, insults, subtweets, anger*
me: https://t.co/3aS9ndhWQ6",Tue Oct 29 00:13:08 +0000 2019,0.263,0.737,0.0,-0.6124
CBS,"Say üëã to a new episode of #BobHeartsAbishola, which starts NOW. https://t.co/Ea2I3nTbdg",Tue Oct 29 00:30:00 +0000 2019,0.0,1.0,0.0,0.0
CBS,@jrrbusby Here we go! #BobHeartsAbishola https://t.co/LIPogqDuc3,Tue Oct 29 00:31:51 +0000 2019,0.0,1.0,0.0,0.0
CBS,@AnneLaBarbera Um... üòâ #BobHeartsAbishola https://t.co/AM70IzYnkp,Tue Oct 29 00:33:32 +0000 2019,0.0,1.0,0.0,0.0
CBS,@Peteythegreat We're glad she ‚ù§Ô∏è it. #BobHeartsAbishola https://t.co/08gd8HxkVB,Tue Oct 29 00:35:10 +0000 2019,0.0,0.7,0.3,0.4588
CBS,@actravlr ‚ù§Ô∏è #BobHeartsAbishola https://t.co/mx5hqWcOAs,Tue Oct 29 00:36:25 +0000 2019,0.0,1.0,0.0,0.0
CBS,@edwardistheman We agree. #BobHeartsAbishola https://t.co/PKZnUXCgLZ,Tue Oct 29 00:37:51 +0000 2019,0.0,0.615,0.385,0.3612
CBS,"All clothes are sandwich clothes, Auntie Olu, especially if you ‚ù§Ô∏è layering. #BobHeartsAbishola https://t.co/Bv4Lk8eEIR",Tue Oct 29 00:40:45 +0000 2019,0.0,1.0,0.0,0.0
CBS,"@DelightfulDame Sometimes you have to take the bus, though. #BobHeartsAbishola https://t.co/r1yO214P0B",Tue Oct 29 00:42:00 +0000 2019,0.0,1.0,0.0,0.0
CBS,"@DelightfulDame Oh, yeah. Tunde ‚ù§Ô∏è Olu. #BobHeartsAbishola https://t.co/jfKRWmUlZM",Tue Oct 29 00:43:01 +0000 2019,0.0,0.761,0.239,0.296
CBS,@SighRN They might have a say in the story's direction. #BobHeartsAbishola https://t.co/apmG33VIP0,Tue Oct 29 00:44:11 +0000 2019,0.0,1.0,0.0,0.0
CBS,‚ù§Ô∏è is on the menu tonight. #BobHeartsAbishola https://t.co/1mzRlJ6f9z,Tue Oct 29 00:44:30 +0000 2019,0.0,1.0,0.0,0.0
CBS,@pamackerson #BobHeartsAbishola https://t.co/R58H0XGQHj,Tue Oct 29 00:45:16 +0000 2019,0.0,1.0,0.0,0.0
CBS,@DelightfulDame And charming conversation! #BobHeartsAbishola https://t.co/hZZNniNrFs,Tue Oct 29 00:46:04 +0000 2019,0.0,0.55,0.45,0.6239
CBS,@Ren_War89 She's coming around to ‚ù§Ô∏è. #BobHeartsAbishola https://t.co/PQNArt3ad6,Tue Oct 29 00:47:48 +0000 2019,0.0,1.0,0.0,0.0
CBS,@bigboutya1 It's a good thing that Abishola is a nurse. #BobHeartsAbishola https://t.co/XwCp2hJGV1,Tue Oct 29 00:50:14 +0000 2019,0.0,0.756,0.244,0.4404
CBS,@Shelley514 Bob agrees (and so do we). #BobHeartsAbishola https://t.co/kDnvFwGnYS,Tue Oct 29 00:53:41 +0000 2019,0.0,0.816,0.184,0.2023
CBS,@1986Webber She's got things under control. #BobHeartsAbishola https://t.co/5aphL1T8GL,Tue Oct 29 00:54:22 +0000 2019,0.0,1.0,0.0,0.0
CBS,@jrrbusby Kemi ‚ù§Ô∏è love. #BobHeartsAbishola https://t.co/NiiOOfgDJN,Tue Oct 29 00:55:48 +0000 2019,0.0,0.543,0.457,0.6369
CBS,@70zbay We ‚ù§Ô∏è watching it. #BobHeartsAbishola https://t.co/T0mp53cqrr,Tue Oct 29 00:56:26 +0000 2019,0.0,1.0,0.0,0.0
CBS,@drjen9 Relationships aren't just built on first dates. #BobHeartsAbishola https://t.co/zKdGTIlU0E,Tue Oct 29 00:58:19 +0000 2019,0.0,1.0,0.0,0.0
CBS,"@mrsssmac Someone's cutting onions here, too. #BobHeartsAbishola https://t.co/2FHKhnsKpk",Tue Oct 29 00:59:36 +0000 2019,0.176,0.824,0.0,-0.128
CBS,"We don‚Äôt ‚ù§Ô∏è waiting to see what happens next, but thanks for watching #BobHeartsAbishola with us tonight. https://t.co/l7ABue8Ajh",Tue Oct 29 01:00:00 +0000 2019,0.0,0.815,0.185,0.5927
CBS,"Fierce and fabulous, style and substance. Catch @simonemissick on a new #AllRise starting now! https://t.co/l5M9td3ac8",Tue Oct 29 01:01:00 +0000 2019,0.0,0.779,0.221,0.5707
CBS,@__priscillaaax Douglas's ‚ù§Ô∏è is in the right place. #BobHeartsAbishola https://t.co/nQLzUsC1qb,Tue Oct 29 01:01:57 +0000 2019,0.0,1.0,0.0,0.0
CBS,RT @WilsonBethel: It‚Äôs #AllRise O‚Äôclock.,Tue Oct 29 01:03:46 +0000 2019,0.0,1.0,0.0,0.0
CBS,"@TRVLR28 We ‚ù§Ô∏è it, too. #BobHeartsAbishola https://t.co/Pm4A083w7H",Tue Oct 29 01:04:11 +0000 2019,0.0,1.0,0.0,0.0
CBS,@MalashaMonique Cheers to that! #AllRise https://t.co/PF0uTayQz5,Tue Oct 29 01:07:44 +0000 2019,0.0,0.596,0.404,0.5255
CBS,"@c_rossover Multi-tasking, great idea right @jalexbrinson? #AllRise https://t.co/nbohAH28D0",Tue Oct 29 01:09:24 +0000 2019,0.0,0.631,0.369,0.6249
CBS,@bigboutya1 *loves pie. #AllRise https://t.co/X0XzqQcyir,Tue Oct 29 01:12:50 +0000 2019,0.0,1.0,0.0,0.0
CBS,@aprilrudgate @WilsonBethel Your friends will love it! #AllRise https://t.co/73qs71UL3R,Tue Oct 29 01:15:26 +0000 2019,0.0,0.48,0.52,0.8221
CBS,@lookfabuless She truly is amazing. #AllRise https://t.co/YboqQaHw3F,Tue Oct 29 01:21:28 +0000 2019,0.0,0.427,0.573,0.7717
CBS,"You got this, Lola. #AllRise https://t.co/T21peDfWIP",Tue Oct 29 01:28:48 +0000 2019,0.0,1.0,0.0,0.0
CBS,@OnPointeJ Count us in. #AllRise https://t.co/0YnNQDl4VZ,Tue Oct 29 01:33:14 +0000 2019,0.0,1.0,0.0,0.0
CBS,@LolaCarmichael1 She always shows she cares in her own way. #AllRise https://t.co/HyC6SCPcDE,Tue Oct 29 01:33:57 +0000 2019,0.0,0.786,0.214,0.4588
CBS,@kendallwhite05 Is #Lemily a close second? #AllRise https://t.co/IlSQoLs8x1,Tue Oct 29 01:35:42 +0000 2019,0.0,1.0,0.0,0.0
CBS,@c_rossover No doubt about it. #AllRise https://t.co/Z0YWyGo7JD,Tue Oct 29 01:36:28 +0000 2019,0.485,0.515,0.0,-0.5719
CBS,@tiffjaxon Well technically there was this (non)date. #AllRise https://t.co/ClGIvvwiWW,Tue Oct 29 01:40:08 +0000 2019,0.0,0.792,0.208,0.2732
CBS,And that's why we love her. #AllRise https://t.co/4WzZRfBiDL,Tue Oct 29 01:41:17 +0000 2019,0.0,0.625,0.375,0.6369
CBS,And that's why we love her. #AllRise https://t.co/4WzZRfBiDL,Tue Oct 29 01:41:17 +0000 2019,0.0,0.625,0.375,0.6369
CBS,@ShiAnna_913 Glad you're enjoying #AllRise. https://t.co/JmoajS0jnk,Tue Oct 29 01:50:19 +0000 2019,0.0,0.385,0.615,0.7506
CBS,@_kirstinramsey Sara FTW. #AllRise https://t.co/VHyQnF0XHe,Tue Oct 29 01:54:54 +0000 2019,0.0,0.517,0.483,0.5766
CBS,Anyone dressing up as #JudgeLola for #Halloween? #AllRise https://t.co/KrmaMKHTOk,Tue Oct 29 01:56:33 +0000 2019,0.0,1.0,0.0,0.0
CBS,@tiffjaxon Finally! #Lemily #AllRise https://t.co/vCaGN3RwuR,Tue Oct 29 01:58:30 +0000 2019,0.0,1.0,0.0,0.0
CBS,Thanks for joining us on the #Lolacoaster. What did everyone think of tonight's #AllRise? https://t.co/DkpgrrCyOj,Tue Oct 29 02:00:25 +0000 2019,0.0,0.828,0.172,0.4404
CBS,RT @SimoneMissick: #ALLRISE cast still at work. Working hard to make these next 9 episodes!!! Sorry we couldn‚Äôt tweet tonight! We love y‚Äôal‚Ä¶,Tue Oct 29 02:47:54 +0000 2019,0.1,0.702,0.198,0.6876
Fox,"Carina delivered some of the best talks I have ever seen; if you need coaching, I strongly recommend talking to her‚Ä¶ https://t.co/SLkhY7oPW9",Tue Oct 29 03:08:53 +0000 2019,0.0,0.659,0.341,0.8316
CBS,RT @SimoneMissick: Sherri‚Äôs just a big ole softie after all...@RuthieAnnMiles @CBS #ALLRISE https://t.co/io0cGLjQDW,Tue Oct 29 05:06:46 +0000 2019,0.0,1.0,0.0,0.0
BBC,"RT @BBCCiN: üì£ ANNOUNCEMENT üì£

As revealed on @BBCStrictly: It Takes Two, @BBCEastenders stars will be taking to the Strictly Ballroom, alon‚Ä¶",Tue Oct 29 06:08:01 +0000 2019,0.0,1.0,0.0,0.0
BBC,"RT @BBCSounds: ü§î How does a @BBCStrictly pro dance come together? 

üé§ @Joe_Sugg finds out all from @dbuzz6589!

üéß Listen to the official St‚Ä¶",Tue Oct 29 06:08:22 +0000 2019,0.0,1.0,0.0,0.0
Fox,"Classic diversity and inclusion pitfall in two acts:

1) Put women in a separate category, because obviously, they‚Ä¶ https://t.co/3KElsWA7cZ",Tue Oct 29 06:10:16 +0000 2019,0.0,1.0,0.0,0.0
Fox,"@StartConHQ They also defend themselves by saying that the lineup is 40% women, but weirdly, I see zero brown and b‚Ä¶ https://t.co/00udvrDy9B",Tue Oct 29 06:12:02 +0000 2019,0.123,0.877,0.0,-0.4215
Fox,"@TaelurAlexis @StartConHQ Australian ""diversity"" at its finest",Tue Oct 29 06:20:37 +0000 2019,0.0,1.0,0.0,0.0
Fox,"1) Observation of facts isn‚Äôt an attack
2) Intent doesn‚Äôt erase outcome
3) Everyone is accountable for inclusion
4)‚Ä¶ https://t.co/A3au8s2oYk",Tue Oct 29 06:41:58 +0000 2019,0.14,0.86,0.0,-0.4767
BBC,A study from @OfficialUoM has found that people with long-term health problems are more likely to feel pain when th‚Ä¶ https://t.co/Xz0TK8f0Mu,Tue Oct 29 07:01:06 +0000 2019,0.25,0.75,0.0,-0.7184
Fox,RT @radhikamorabia: don't set yourself on fire to keep other people warm.,Tue Oct 29 07:15:07 +0000 2019,0.168,0.699,0.133,-0.128
Fox,"RT @N_I_K_Y_A_T_U: Can we stop using the term ""diversity hire"" and start shedding light on thriving ""mediocrity/average hires""  since we al‚Ä¶",Tue Oct 29 07:49:49 +0000 2019,0.099,0.901,0.0,-0.296
BBC,British Paralympian Ollie Hynd has said it's 'important to not just see the medals' when it comes to Paralympic ath‚Ä¶ https://t.co/0hYzH5BKdY,Tue Oct 29 08:01:05 +0000 2019,0.0,0.917,0.083,0.2023
BBC,"Forever waiting for The Drop.  üôå
#ThisCountry | @BBCThree.
https://t.co/JXtC4so4oE",Tue Oct 29 09:01:01 +0000 2019,0.231,0.769,0.0,-0.2732
BBC,"Can drinking red wine ever be good for us?  üç∑
üëâ https://t.co/F5SlKesWi8 https://t.co/G4b2KMEbAV",Tue Oct 29 12:01:09 +0000 2019,0.0,0.775,0.225,0.4404
BBC,"""Prayer is the greatest freedom of all."" 
Father Giles, has been a Benedictine monk for 47 years.
https://t.co/WdgPOXdrq0",Tue Oct 29 13:01:07 +0000 2019,0.0,0.641,0.359,0.8555
BBC,RT @BBCBreaking: Jeremy Corbyn says Labour will support early general election ahead of Boris Johnson's latest bid for December poll https:‚Ä¶,Tue Oct 29 13:39:13 +0000 2019,0.0,0.881,0.119,0.4019
BBC,"Would you like to control what you hear at a concert? 
@eltonofficial is testing out a new app that lets you mix th‚Ä¶ https://t.co/oHraWIhE3k",Tue Oct 29 17:01:03 +0000 2019,0.0,0.894,0.106,0.3612
CBS,"Recognizing the signs of a stroke, Abishola advises Bob and his sister to rush their mom to the hospital. New episo‚Ä¶ https://t.co/26k25zoubn",Tue Oct 29 17:23:39 +0000 2019,0.0,1.0,0.0,0.0
BBC,"""You have the courage to imagine a future that puts our beautiful planet first."" üåç

@elliegoulding urges young peop‚Ä¶ https://t.co/Xkn65aR7s3",Tue Oct 29 19:01:05 +0000 2019,0.0,0.693,0.307,0.7964
CBS,Have you hung out with these two yet? Catch them and their hilarious castmates cutting it up on new episodes of‚Ä¶ https://t.co/D4SCQRMCu9,Tue Oct 29 20:00:00 +0000 2019,0.062,0.826,0.112,0.296
BBC,"Find a bestie who‚Äôll tell you when you‚Äôre being a right scumbag. üòÇ
@blakeharrison23 #WorldOnFire 
https://t.co/qirYbjPIsa",Tue Oct 29 20:01:10 +0000 2019,0.259,0.741,0.0,-0.6369
CBS,Word to the wise: don't give Carol any guff unless you want to deal with Nurse Dennis. New episodes of‚Ä¶ https://t.co/nxKwDzc7Uz,Tue Oct 29 23:00:00 +0000 2019,0.0,0.812,0.188,0.5267
Fox,"RT @tinaessmaker: Writing a piece on ageism in creative industries. I want to hear from you!

DM me or email hello@tinaessmaker.com 

How d‚Ä¶",Wed Oct 16 20:23:35 +0000 2019,0.0,0.809,0.191,0.5411
Fox,who thought that would be an appropriate header for their jobs page is just beyond me https://t.co/ZJva8KUqmI,Wed Oct 16 23:04:43 +0000 2019,0.0,1.0,0.0,0.0
Fox,"@malchata trust me, this is probably one of the most chill examples I have seen, lol",Wed Oct 16 23:08:12 +0000 2019,0.0,0.681,0.319,0.7269
Fox,"Two weeks of active looking at careers pages and job ads. I‚Äôm absolutely appaled at the lack of care, knowledge of‚Ä¶ https://t.co/iunmLQbKIF",Wed Oct 16 23:18:29 +0000 2019,0.085,0.699,0.217,0.5574
Fox,"Everything you choose to do, and more importantly, not do, is a testament to your values. 

Both personally, and organizationally.",Wed Oct 16 23:24:14 +0000 2019,0.0,0.763,0.237,0.6478
Fox,"RT @Katrina_HRM: I don‚Äôt know who needs to hear this, but investing in ‚Äúdiversity conferences‚Äù will not make up for a terrible company cult‚Ä¶",Wed Oct 23 04:43:25 +0000 2019,0.165,0.835,0.0,-0.631
Fox,"Everything that‚Äôs wrong with SV‚Äôs idea of running a business in a single ad

https://t.co/PBIWz2P3TM",Wed Oct 23 04:45:24 +0000 2019,0.205,0.795,0.0,-0.4767
Fox,"‚ÄúYoung people around the world are cracking open the heart of the climate crisis, speaking of a deep longing for a‚Ä¶ https://t.co/0P3sC0zkL3",Wed Oct 23 08:58:06 +0000 2019,0.215,0.785,0.0,-0.6369
Fox,This website still lists ‚Äúgood beer‚Äù as a value to ask when interviewing even despite me calling it out when it lau‚Ä¶ https://t.co/w0BV8gN4GV,Wed Oct 23 09:27:17 +0000 2019,0.0,0.897,0.103,0.34
Fox,There are several good and quite a few deeply problematic characteristics there so I‚Äôd use it with extreme caution.,Wed Oct 23 09:29:09 +0000 2019,0.155,0.716,0.13,-0.1423
Fox,RT @catehstn: Getting another job. https://t.co/cA69o6tmpk,Wed Oct 23 10:30:21 +0000 2019,0.0,1.0,0.0,0.0
Fox,"RT @EmilyKager: Oh you're a programmer? Name 3 prominent women in tech who aren't Siri, Alexa, or ""your future daughter someday, hopefully""",Wed Oct 23 22:17:17 +0000 2019,0.0,0.783,0.217,0.6124
Fox,"The way suckerberg gets dragged is giving me life

https://t.co/X0TMiOf15Q",Wed Oct 23 22:18:33 +0000 2019,0.103,0.69,0.207,0.296
Fox,"@holman It‚Äôs throwing your computer out of the window, Zach. You know I‚Äôm not wrong",Wed Oct 23 23:36:36 +0000 2019,0.0,0.846,0.154,0.3724
Fox,RT @irin: AOC versus Zuck is the young millennial-old millennial showdown we don‚Äôt even deserve.,Wed Oct 23 23:54:02 +0000 2019,0.0,1.0,0.0,0.0
Fox,@holman sounds like an impossible moral conundrum!,Wed Oct 23 23:59:01 +0000 2019,0.0,0.682,0.318,0.4199
BBC,"'Women's Time' is part of a local radio programme in Malawi, where women are invited to the studio to discuss topic‚Ä¶ https://t.co/Lf4M798nvl",Wed Oct 30 07:01:04 +0000 2019,0.0,1.0,0.0,0.0
BBC,"Cooking with your best mate is a real test of friendship.  ü§¨
#ThisCountry | @BBCThree.
https://t.co/1MfUnFGaES",Wed Oct 30 08:01:07 +0000 2019,0.0,0.608,0.392,0.7964
BBC,"A deal's a deal.
From @kris_n_dave via @BBCScotland 
https://t.co/orB4Tlqm1I",Wed Oct 30 09:01:04 +0000 2019,0.0,1.0,0.0,0.0
BBC,RT @BBCiPlayer: Disgusted by hot priests and Brummie gangsters? Maybe BBC iPlayer just isn‚Äôt for you‚Ä¶ #WastedOnSome https://t.co/6bbK7Trs7T,Wed Oct 30 11:37:48 +0000 2019,0.167,0.833,0.0,-0.5267
BBC,"A list of the richest under-30s in the UK has been published - who makes the cut this year?  üí∞
üëâ‚Ä¶ https://t.co/UiOiiOGRlS",Wed Oct 30 12:01:09 +0000 2019,0.093,0.756,0.151,0.3182
BBC,"Would you swipe right...?  üê∏‚ù§Ô∏èüòÇ #QI
https://t.co/dQT5lJVdZf",Wed Oct 30 13:01:03 +0000 2019,0.0,1.0,0.0,0.0
BBC,"Bronx school stabbing: 'How did the killer become the victim?'
A new @BBCThree documentary speaks to people at the‚Ä¶ https://t.co/ABl6CZatI6",Wed Oct 30 14:01:03 +0000 2019,0.193,0.807,0.0,-0.6486
BBC,"When Olivia Colman organises the one and only @TaylorSwift13 to come and surprise you in the studio... üòç 

@BBCCiN‚Ä¶ https://t.co/PAz6ksZR2Z",Wed Oct 30 15:01:07 +0000 2019,0.0,0.896,0.104,0.2732
CBS,"Sweet! In anticipation of #Halloween, the @YandR_CBS stars are scaring up some boooo-tiful Candycuterie boards. https://t.co/eWPICrpXYt",Wed Oct 30 16:54:30 +0000 2019,0.141,0.631,0.228,0.2003
BBC,"This is so sweet!

The moment when @Camila_Cabello fangirls over @EmiliaClarke. 
#TheGNShow https://t.co/mMrPuE6euL",Wed Oct 30 17:00:21 +0000 2019,0.0,0.743,0.257,0.632
BBC,"The red squirrel population is under threat in the UK. What can we do to help?

Countryfile Autumn Diaries. Now str‚Ä¶ https://t.co/OUOIGzt6LS",Wed Oct 30 18:01:00 +0000 2019,0.13,0.766,0.103,-0.1779
BBC,"Ten big-name actors, including #JimBroadbent, #JodieWhittaker, #DavidTennant and #OliviaColman, come together to re‚Ä¶ https://t.co/w9jJZTy6TD",Wed Oct 30 18:59:07 +0000 2019,0.0,1.0,0.0,0.0
CBS,"From restroom lines to tardiness, the cast of #AllRise shares what laws they would want put in place. https://t.co/xQxTPepPBb",Wed Oct 30 20:00:01 +0000 2019,0.0,0.829,0.171,0.3612
BBC,Artist and writer @GAIKASAYS unearths the tragic story of a British lynching that took place during the 1919 race r‚Ä¶ https://t.co/Cn8xU0LQBx,Wed Oct 30 20:34:00 +0000 2019,0.136,0.864,0.0,-0.4588
Fox,"Today, I‚Äôm especially grateful for having a network of senior, badass women to lean on for advice and perspective.‚Ä¶ https://t.co/Yu7KMHLUMn",Wed Oct 30 20:55:30 +0000 2019,0.073,0.777,0.15,0.4005
CBS,Looking for some last-minute #Halloween costume ideas? Let the stars of CBS on the pages of @CBSWatch Magazine serv‚Ä¶ https://t.co/tEF6ipPbD8,Wed Oct 30 21:13:09 +0000 2019,0.0,1.0,0.0,0.0
Fox,@adblanche üò≠üò≠üò≠‚ù§Ô∏è,Wed Oct 30 21:52:11 +0000 2019,0.0,1.0,0.0,0.0
Fox,"RT @thecityofjules: white men hiring white men, hiring white men, hiring white men, hiring white men, hiring white men, hiring POC for low-‚Ä¶",Wed Oct 30 22:06:40 +0000 2019,0.0,1.0,0.0,0.0
Fox,"Actions speak louder than words 

Repeat after me

Actions speak louder than words",Wed Oct 30 22:08:27 +0000 2019,0.0,1.0,0.0,0.0
CBS,Trick or treat. #Evil is at your door. Thursdays 10/9c on CBS. https://t.co/V7pKBjCrCN,Wed Oct 30 22:30:00 +0000 2019,0.081,0.738,0.181,0.3612
